--
-- PostgreSQL database dump
--

-- Dumped from database version 16.2
-- Dumped by pg_dump version 16.2

--
-- Data for Name: authorities; Type: TABLE DATA; Schema: public; Owner: postgres
--

INSERT INTO authorities (id, authority) VALUES (1, 'ROLE_ADMIN');
INSERT INTO authorities (id, authority) VALUES (2, 'ROLE_USER');

--
-- Data for Name: brand; Type: TABLE DATA; Schema: public; Owner: postgres
--

INSERT INTO brand (id, brand) VALUES (1, 'Audi');
INSERT INTO brand (id, brand) VALUES (2, 'BMW');
INSERT INTO brand (id, brand) VALUES (3, 'Mercedes-Benz');
INSERT INTO brand (id, brand) VALUES (4, 'Volkswagen');
INSERT INTO brand (id, brand) VALUES (5, 'Abarth');
INSERT INTO brand (id, brand) VALUES (6, 'AC');
INSERT INTO brand (id, brand) VALUES (7, 'Acura');
INSERT INTO brand (id, brand) VALUES (8, 'Aiways');
INSERT INTO brand (id, brand) VALUES (9, 'Aixam');
INSERT INTO brand (id, brand) VALUES (10, 'Alfa Romeo');
INSERT INTO brand (id, brand) VALUES (11, 'ALPINA');
INSERT INTO brand (id, brand) VALUES (12, 'Artega');
INSERT INTO brand (id, brand) VALUES (13, 'Asia Motors');
INSERT INTO brand (id, brand) VALUES (14, 'Aston Martin');
INSERT INTO brand (id, brand) VALUES (15, 'Austin');
INSERT INTO brand (id, brand) VALUES (16, 'Austin Healey');
INSERT INTO brand (id, brand) VALUES (17, 'BAIC');
INSERT INTO brand (id, brand) VALUES (18, 'Bentley');
INSERT INTO brand (id, brand) VALUES (19, 'Borgward');
INSERT INTO brand (id, brand) VALUES (20, 'Brilliance');
INSERT INTO brand (id, brand) VALUES (21, 'Bugatti');
INSERT INTO brand (id, brand) VALUES (22, 'Buick');
INSERT INTO brand (id, brand) VALUES (23, 'BYD');
INSERT INTO brand (id, brand) VALUES (24, 'Cadillac');
INSERT INTO brand (id, brand) VALUES (25, 'Casalini');
INSERT INTO brand (id, brand) VALUES (26, 'Caterham');
INSERT INTO brand (id, brand) VALUES (27, 'Chatenet');
INSERT INTO brand (id, brand) VALUES (28, 'Chevrolet');
INSERT INTO brand (id, brand) VALUES (29, 'Chrysler');
INSERT INTO brand (id, brand) VALUES (30, 'Citroën');
INSERT INTO brand (id, brand) VALUES (31, 'Cobra');
INSERT INTO brand (id, brand) VALUES (32, 'Corvette');
INSERT INTO brand (id, brand) VALUES (33, 'Cupra');
INSERT INTO brand (id, brand) VALUES (34, 'Dacia');
INSERT INTO brand (id, brand) VALUES (35, 'Daewoo');
INSERT INTO brand (id, brand) VALUES (36, 'Daihatsu');
INSERT INTO brand (id, brand) VALUES (37, 'DeTomaso');
INSERT INTO brand (id, brand) VALUES (38, 'DFSK');
INSERT INTO brand (id, brand) VALUES (39, 'Dodge');
INSERT INTO brand (id, brand) VALUES (40, 'Donkervoort');
INSERT INTO brand (id, brand) VALUES (41, 'DS Automobiles');
INSERT INTO brand (id, brand) VALUES (42, 'e.GO');
INSERT INTO brand (id, brand) VALUES (43, 'Elaris');
INSERT INTO brand (id, brand) VALUES (44, 'Ferrari');
INSERT INTO brand (id, brand) VALUES (45, 'Fiat');
INSERT INTO brand (id, brand) VALUES (46, 'Fisker');
INSERT INTO brand (id, brand) VALUES (47, 'Ford');
INSERT INTO brand (id, brand) VALUES (48, 'GAC Gonow');
INSERT INTO brand (id, brand) VALUES (49, 'Gemballa');
INSERT INTO brand (id, brand) VALUES (50, 'Genesis');
INSERT INTO brand (id, brand) VALUES (51, 'GMC');
INSERT INTO brand (id, brand) VALUES (52, 'Grecav');
INSERT INTO brand (id, brand) VALUES (53, 'Hamann');
INSERT INTO brand (id, brand) VALUES (54, 'Holden');
INSERT INTO brand (id, brand) VALUES (55, 'Honda');
INSERT INTO brand (id, brand) VALUES (56, 'Hummer');
INSERT INTO brand (id, brand) VALUES (57, 'Hyundai');
INSERT INTO brand (id, brand) VALUES (58, 'INEOS');
INSERT INTO brand (id, brand) VALUES (59, 'Infiniti');
INSERT INTO brand (id, brand) VALUES (60, 'Isuzu');
INSERT INTO brand (id, brand) VALUES (61, 'Iveco');
INSERT INTO brand (id, brand) VALUES (62, 'JAC');
INSERT INTO brand (id, brand) VALUES (63, 'Jaguar');
INSERT INTO brand (id, brand) VALUES (64, 'Jeep');
INSERT INTO brand (id, brand) VALUES (65, 'Kia');
INSERT INTO brand (id, brand) VALUES (66, 'Koenigsegg');
INSERT INTO brand (id, brand) VALUES (67, 'KTM');
INSERT INTO brand (id, brand) VALUES (68, 'Lada');
INSERT INTO brand (id, brand) VALUES (69, 'Lamborghini');
INSERT INTO brand (id, brand) VALUES (70, 'Lancia');
INSERT INTO brand (id, brand) VALUES (71, 'Land Rover');
INSERT INTO brand (id, brand) VALUES (72, 'Landwind');
INSERT INTO brand (id, brand) VALUES (73, 'LEVC');
INSERT INTO brand (id, brand) VALUES (74, 'Lexus');
INSERT INTO brand (id, brand) VALUES (75, 'Ligier');
INSERT INTO brand (id, brand) VALUES (76, 'Lincoln');
INSERT INTO brand (id, brand) VALUES (77, 'Lotus');
INSERT INTO brand (id, brand) VALUES (78, 'Lynk&Co');
INSERT INTO brand (id, brand) VALUES (79, 'Mahindra');
INSERT INTO brand (id, brand) VALUES (80, 'MAN');
INSERT INTO brand (id, brand) VALUES (81, 'Maserati');
INSERT INTO brand (id, brand) VALUES (82, 'Maxus');
INSERT INTO brand (id, brand) VALUES (83, 'Maybach');
INSERT INTO brand (id, brand) VALUES (84, 'Mazda');
INSERT INTO brand (id, brand) VALUES (85, 'McLaren');
INSERT INTO brand (id, brand) VALUES (86, 'MG');
INSERT INTO brand (id, brand) VALUES (87, 'Microcar');
INSERT INTO brand (id, brand) VALUES (88, 'Microlino');
INSERT INTO brand (id, brand) VALUES (89, 'MINI');
INSERT INTO brand (id, brand) VALUES (90, 'Mitsubishi');
INSERT INTO brand (id, brand) VALUES (91, 'Morgan');
INSERT INTO brand (id, brand) VALUES (92, 'NIO');
INSERT INTO brand (id, brand) VALUES (93, 'Nissan');
INSERT INTO brand (id, brand) VALUES (94, 'NSU');
INSERT INTO brand (id, brand) VALUES (95, 'Oldsmobile');
INSERT INTO brand (id, brand) VALUES (96, 'Opel');
INSERT INTO brand (id, brand) VALUES (97, 'ORA');
INSERT INTO brand (id, brand) VALUES (98, 'Pagani');
INSERT INTO brand (id, brand) VALUES (99, 'Peugeot');
INSERT INTO brand (id, brand) VALUES (100, 'Piaggio');
INSERT INTO brand (id, brand) VALUES (101, 'Plymouth');
INSERT INTO brand (id, brand) VALUES (102, 'Polestar');
INSERT INTO brand (id, brand) VALUES (103, 'Pontiac');
INSERT INTO brand (id, brand) VALUES (104, 'Porsche');
INSERT INTO brand (id, brand) VALUES (105, 'Proton');
INSERT INTO brand (id, brand) VALUES (106, 'Renault');
INSERT INTO brand (id, brand) VALUES (107, 'Rolls-Royce');
INSERT INTO brand (id, brand) VALUES (108, 'Rover');
INSERT INTO brand (id, brand) VALUES (109, 'Ruf');
INSERT INTO brand (id, brand) VALUES (110, 'Saab');
INSERT INTO brand (id, brand) VALUES (111, 'Santana');
INSERT INTO brand (id, brand) VALUES (112, 'Seat');
INSERT INTO brand (id, brand) VALUES (113, 'Škoda');
INSERT INTO brand (id, brand) VALUES (114, 'Smart');
INSERT INTO brand (id, brand) VALUES (115, 'speedART');
INSERT INTO brand (id, brand) VALUES (116, 'Spyker');
INSERT INTO brand (id, brand) VALUES (117, 'Ssangyong');
INSERT INTO brand (id, brand) VALUES (118, 'Subaru');
INSERT INTO brand (id, brand) VALUES (119, 'Suzuki');
INSERT INTO brand (id, brand) VALUES (120, 'SWM');
INSERT INTO brand (id, brand) VALUES (121, 'Talbot');
INSERT INTO brand (id, brand) VALUES (122, 'Tata');
INSERT INTO brand (id, brand) VALUES (123, 'TECHART');
INSERT INTO brand (id, brand) VALUES (124, 'Tesla');
INSERT INTO brand (id, brand) VALUES (125, 'Toyota');
INSERT INTO brand (id, brand) VALUES (126, 'Trabant');
INSERT INTO brand (id, brand) VALUES (127, 'Triumph');
INSERT INTO brand (id, brand) VALUES (128, 'TVR');
INSERT INTO brand (id, brand) VALUES (129, 'Volvo');
INSERT INTO brand (id, brand) VALUES (130, 'Wartburg');
INSERT INTO brand (id, brand) VALUES (131, 'Westfield');
INSERT INTO brand (id, brand) VALUES (132, 'WEY');
INSERT INTO brand (id, brand) VALUES (133, 'Wiesmann');
INSERT INTO brand (id, brand) VALUES (134, 'XEV');
INSERT INTO brand (id, brand) VALUES (135, 'Zhidou');
INSERT INTO brand (id, brand) VALUES (136, 'Other');

--
-- Data for Name: color; Type: TABLE DATA; Schema: public; Owner: postgres
--

INSERT INTO color (id, color, finish, secondary_color, color_hex) VALUES ('1', 'red', 'Not stated', 'Not stated', '#FF0000');
INSERT INTO color (id, color, finish, secondary_color, color_hex) VALUES ('2', 'blue', 'Not stated', 'Not stated', '#0000FF');
INSERT INTO color (id, color, finish, secondary_color, color_hex) VALUES ('3', 'green', 'Not stated', 'Not stated', '#008000');
INSERT INTO color (id, color, finish, secondary_color, color_hex) VALUES ('4', 'yellow', 'Not stated', 'Not stated', '#FFFF00');
INSERT INTO color (id, color, finish, secondary_color, color_hex) VALUES ('5', 'orange', 'Not stated', 'Not stated', '#FFA500');
INSERT INTO color (id, color, finish, secondary_color, color_hex) VALUES ('6', 'purple', 'Not stated', 'Not stated', '#800080');
INSERT INTO color (id, color, finish, secondary_color, color_hex) VALUES ('7', 'pink', 'Not stated', 'Not stated', '#FFC0CB');
INSERT INTO color (id, color, finish, secondary_color, color_hex) VALUES ('8', 'cyan', 'Not stated', 'Not stated', '#00FFFF');
INSERT INTO color (id, color, finish, secondary_color, color_hex) VALUES ('9', 'magenta', 'Not stated', 'Not stated', '#FF00FF');
INSERT INTO color (id, color, finish, secondary_color, color_hex) VALUES ('10', 'brown', 'Not stated', 'Not stated', '#A52A2A');
INSERT INTO color (id, color, finish, secondary_color, color_hex) VALUES ('11', 'black', 'Not stated', 'Not stated', '#000000');
INSERT INTO color (id, color, finish, secondary_color, color_hex) VALUES ('12', 'white', 'Not stated', 'Not stated', '#FFFFFF');
INSERT INTO color (id, color, finish, secondary_color, color_hex) VALUES ('13', 'gray', 'Not stated', 'Not stated', '#808080');
INSERT INTO color (id, color, finish, secondary_color, color_hex) VALUES ('14', 'silver', 'Not stated', 'Not stated', '#C0C0C0');
INSERT INTO color (id, color, finish, secondary_color, color_hex) VALUES ('15', 'gold', 'Not stated', 'Not stated', '#FFD700');
INSERT INTO color (id, color, finish, secondary_color, color_hex) VALUES ('16', 'maroon', 'Not stated', 'Not stated', '#800000');
INSERT INTO color (id, color, finish, secondary_color, color_hex) VALUES ('17', 'lime', 'Not stated', 'Not stated', '#00FF00');
INSERT INTO color (id, color, finish, secondary_color, color_hex) VALUES ('18', 'olive', 'Not stated', 'Not stated', '#808000');
INSERT INTO color (id, color, finish, secondary_color, color_hex) VALUES ('19', 'teal', 'Not stated', 'Not stated', '#008080');
INSERT INTO color (id, color, finish, secondary_color, color_hex) VALUES ('20', 'navy', 'Not stated', 'Not stated', '#000080');
INSERT INTO color (id, color, finish, secondary_color, color_hex) VALUES ('color0', 'color0', 'color0', 'color0', 'color0');

--
-- Data for Name: model; Type: TABLE DATA; Schema: public; Owner: postgres
--

INSERT INTO model (id, model, brand_id) VALUES
	('1', '100', '1'),
	('2', '200', '1'),
	('3', '80', '1'),
	('4', '90', '1'),
	('5', 'A1', '1'),
	('6', 'A2', '1'),
	('7', 'A3', '1'),
	('8', 'A4', '1'),
	('9', 'A4 Allroad', '1'),
	('10', 'A5', '1'),
	('11', 'A6', '1'),
	('12', 'A6 Allroad', '1'),
	('13', 'A8', '1'),
	('14', 'Cabriolet', '1'),
	('15', 'Coupé', '1'),
	('16', 'e-tron', '1'),
	('17', 'e-tron GT', '1'),
	('18', 'Q1', '1'),
	('19', 'Q2', '1'),
	('20', 'Q3', '1'),
	('21', 'Q4', '1'),
	('22', 'Q5', '1'),
	('23', 'Q7', '1'),
	('24', 'Q8', '1'),
	('25', 'quattro', '1'),
	('26', 'R8', '1'),
	('27', 'RS2', '1'),
	('28', 'RS3', '1'),
	('29', 'RS4', '1'),
	('30', 'RS5', '1'),
	('31', 'RS6', '1'),
	('32', 'RS7', '1'),
	('33', 'RS e-tron GT', '1'),
	('34', 'RSQ3', '1'),
	('35', 'RSQ8', '1'),
	('36', 'S1', '1'),
	('37', 'S2', '1'),
	('38', 'S3', '1'),
	('39', 'S4', '1'),
	('40', 'S5', '1'),
	('41', 'S6', '1'),
	('42', 'S7', '1'),
	('43', 'S8', '1'),
	('44', 'SQ2', '1'),
	('45', 'SQ5', '1'),
	('46', 'SQ7', '1'),
	('47', 'SQ8', '1'),
	('48', 'TT', '1'),
	('49', 'TTS', '1'),
	('50', 'TT RS', '1'),
	('51', 'V8', '1'),
	('52', '114', '2'),
	('53', '116', '2'),
	('54', '118', '2'),
	('55', '120', '2'),
	('56', '123', '2'),
	('57', '125', '2'),
	('58', '128', '2'),
	('59', '130', '2'),
	('60', '135', '2'),
	('61', '1er M Coupé', '2'),
	('62', '2002', '2'),
	('63', '214', '2'),
	('64', '216', '2'),
	('65', '218', '2'),
	('66', '220', '2'),
	('67', '223', '2'),
	('68', '225', '2'),
	('69', '228', '2'),
	('70', '230', '2'),
	('71', '2er Gran Coupé', '2'),
	('72', '315', '2'),
	('73', '316', '2'),
	('74', '318', '2'),
	('75', '320', '2'),
	('76', '323', '2'),
	('77', '324', '2'),
	('78', '325', '2'),
	('79', '328', '2'),
	('80', '330', '2'),
	('81', '335', '2'),
	('82', '340', '2'),
	('83', 'ActiveHybrid 3', '2'),
	('84', '418', '2'),
	('85', '420', '2'),
	('86', '425', '2'),
	('87', '428', '2'),
	('88', '430', '2'),
	('89', '435', '2'),
	('90', '440', '2'),
	('91', '518', '2'),
	('92', '520', '2'),
	('93', '523', '2'),
	('94', '524', '2'),
	('95', '525', '2'),
	('96', '528', '2'),
	('97', '530', '2'),
	('98', '535', '2'),
	('99', '540', '2'),
	('100', '545', '2'),
	('101', '550', '2'),
	('102', 'ActiveHybrid 5', '2'),
	('103', '620', '2'),
	('104', '628', '2'),
	('105', '630', '2'),
	('106', '633', '2'),
	('107', '635', '2'),
	('108', '640', '2'),
	('109', '645', '2'),
	('110', '650', '2'),
	('111', '725', '2'),
	('112', '728', '2'),
	('113', '730', '2'),
	('114', '732', '2'),
	('115', '735', '2'),
	('116', '740', '2'),
	('117', '745', '2'),
	('118', '750', '2'),
	('119', '760', '2'),
	('120', '840', '2'),
	('121', '850', '2'),
	('122', 'i3', '2'),
	('123', 'i4', '2'),
	('124', 'i5', '2'),
	('125', 'i7', '2'),
	('126', 'i8', '2'),
	('127', 'iX', '2'),
	('128', 'iX1', '2'),
	('129', 'iX3', '2'),
	('130', 'M135', '2'),
	('131', 'M140i', '2'),
	('132', 'M235', '2'),
	('133', 'M240i', '2'),
	('134', 'M2', '2'),
	('135', 'M3', '2'),
	('136', 'M340', '2'),
	('137', 'M4', '2'),
	('138', 'M440', '2'),
	('139', 'M5', '2'),
	('140', 'M550', '2'),
	('141', 'M6', '2'),
	('142', 'M760', '2'),
	('143', 'M8', '2'),
	('144', 'M850', '2'),
	('145', 'ActiveHybrid X6', '2'),
	('146', 'X1', '2'),
	('147', 'X2', '2'),
	('148', 'X3', '2'),
	('149', 'X3 M', '2'),
	('150', 'X3 M40', '2'),
	('151', 'X4', '2'),
	('152', 'X4 M', '2'),
	('153', 'X4 M40', '2'),
	('154', 'X5', '2'),
	('155', 'X5 M', '2'),
	('156', 'X5 M50', '2'),
	('157', 'X5 M60', '2'),
	('158', 'X6', '2'),
	('159', 'X6 M', '2'),
	('160', 'X6 M50', '2'),
	('161', 'X6 M60', '2'),
	('162', 'X7', '2'),
	('163', 'X7 M50', '2'),
	('164', 'Z1', '2'),
	('165', 'Z3', '2'),
	('166', 'Z3 M', '2'),
	('167', 'Z4', '2'),
	('168', 'Z4 M', '2'),
	('169', 'Z8', '2'),
	('170', '190', '3'),
	('171', '200', '3'),
	('172', '220', '3'),
	('173', '230', '3'),
	('174', '240', '3'),
	('175', '250', '3'),
	('176', '260', '3'),
	('177', '270', '3'),
	('178', '280', '3'),
	('179', '290', '3'),
	('180', '300', '3'),
	('181', '320', '3'),
	('182', '350', '3'),
	('183', '380', '3'),
	('184', '400', '3'),
	('185', '416', '3'),
	('186', '420', '3'),
	('187', '450', '3'),
	('188', '500', '3'),
	('189', '560', '3'),
	('190', '600', '3'),
	('191', 'A 140', '3'),
	('192', 'A 150', '3'),
	('193', 'A 160', '3'),
	('194', 'A 170', '3'),
	('195', 'A 180', '3'),
	('196', 'A 190', '3'),
	('197', 'A 200', '3'),
	('198', 'A 210', '3'),
	('199', 'A 220', '3'),
	('200', 'A 250', '3'),
	('201', 'A 35 AMG', '3'),
	('202', 'A 45 AMG', '3'),
	('203', 'B 150', '3'),
	('204', 'B 160', '3'),
	('205', 'B 170', '3'),
	('206', 'B 180', '3'),
	('207', 'B 200', '3'),
	('208', 'B 220', '3'),
	('209', 'B 250', '3'),
	('210', 'B Electric Drive', '3'),
	('211', 'CE 200', '3'),
	('212', 'CE 220', '3'),
	('213', 'CE 230', '3'),
	('214', 'CE 280', '3'),
	('215', 'CE 300', '3'),
	('216', 'CE 320', '3'),
	('217', 'Citan', '3'),
	('218', 'C 160', '3'),
	('219', 'C 180', '3'),
	('220', 'C 200', '3'),
	('221', 'C 220', '3'),
	('222', 'C 230', '3'),
	('223', 'C 240', '3'),
	('224', 'C 250', '3'),
	('225', 'C 270', '3'),
	('226', 'C 280', '3'),
	('227', 'C 300', '3'),
	('228', 'C 30 AMG', '3'),
	('229', 'C 320', '3'),
	('230', 'C 32 AMG', '3'),
	('231', 'C 350', '3'),
	('232', 'C 36 AMG', '3'),
	('233', 'C 400', '3'),
	('234', 'C 43 AMG', '3'),
	('235', 'C 450 AMG', '3'),
	('236', 'C 55 AMG', '3'),
	('237', 'C 63 AMG', '3'),
	('238', 'CLA 180', '3'),
	('239', 'CLA 180 Shooting Brake', '3'),
	('240', 'CLA 200', '3'),
	('241', 'CLA 200 Shooting Brake', '3'),
	('242', 'CLA 220', '3'),
	('243', 'CLA 220 Shooting Brake', '3'),
	('244', 'CLA 250', '3'),
	('245', 'CLA 250 Shooting Brake', '3'),
	('246', 'CLA 35 AMG', '3'),
	('247', 'CLA 35 AMG Shooting Brake', '3'),
	('248', 'CLA 45 AMG', '3'),
	('249', 'CLA 45 AMG Shooting Brake', '3'),
	('250', 'CLA Shooting Brake', '3'),
	('251', 'CLC 160', '3'),
	('252', 'CLC 180', '3'),
	('253', 'CLC 200', '3'),
	('254', 'CLC 220', '3'),
	('255', 'CLC 230', '3'),
	('256', 'CLC 250', '3'),
	('257', 'CLC 350', '3'),
	('258', 'CLE 200', '3'),
	('259', 'CLE 220', '3'),
	('260', 'CLE 300', '3'),
	('261', 'CLE 450', '3'),
	('262', 'CLK 200', '3'),
	('263', 'CLK 220', '3'),
	('264', 'CLK 230', '3'),
	('265', 'CLK 240', '3'),
	('266', 'CLK 270', '3'),
	('267', 'CLK 280', '3'),
	('268', 'CLK 320', '3'),
	('269', 'CLK 350', '3'),
	('270', 'CLK 430', '3'),
	('271', 'CLK 500', '3'),
	('272', 'CLK 55 AMG', '3'),
	('273', 'CLK 63 AMG', '3'),
	('274', 'CL 160', '3'),
	('275', 'CL 180', '3'),
	('276', 'CL 200', '3'),
	('277', 'CL 220', '3'),
	('278', 'CL 230', '3'),
	('279', 'CL 320', '3'),
	('280', 'CL 420', '3'),
	('281', 'CL 500', '3'),
	('282', 'CL 55 AMG', '3'),
	('283', 'CL 600', '3'),
	('284', 'CL 63 AMG', '3'),
	('285', 'CL 65 AMG', '3'),
	('286', 'CLS 220', '3'),
	('287', 'CLS 220 Shooting Brake', '3'),
	('288', 'CLS 250', '3'),
	('289', 'CLS 250 Shooting Brake', '3'),
	('290', 'CLS 280', '3'),
	('291', 'CLS 300', '3'),
	('292', 'CLS 320', '3'),
	('293', 'CLS 350', '3'),
	('294', 'CLS 350 Shooting Brake', '3'),
	('295', 'CLS 400', '3'),
	('296', 'CLS 400 Shooting Brake', '3'),
	('297', 'CLS 450', '3'),
	('298', 'CLS 500', '3'),
	('299', 'CLS 500 Shooting Brake', '3'),
	('300', 'CLS 53 AMG', '3'),
	('301', 'CLS 55 AMG', '3'),
	('302', 'CLS 63 AMG', '3'),
	('303', 'CLS 63 AMG Shooting Brake', '3'),
	('304', 'CLS Shooting Brake', '3'),
	('305', 'E 200', '3'),
	('306', 'E 220', '3'),
	('307', 'E 230', '3'),
	('308', 'E 240', '3'),
	('309', 'E 250', '3'),
	('310', 'E 260', '3'),
	('311', 'E 270', '3'),
	('312', 'E 280', '3'),
	('313', 'E 290', '3'),
	('314', 'E 300', '3'),
	('315', 'E 320', '3'),
	('316', 'E 350', '3'),
	('317', 'E 36 AMG', '3'),
	('318', 'E 400', '3'),
	('319', 'E 420', '3'),
	('320', 'E 430', '3'),
	('321', 'E 43 AMG', '3'),
	('322', 'E 450', '3'),
	('323', 'E 50', '3'),
	('324', 'E 500', '3'),
	('325', 'E 53 AMG', '3'),
	('326', 'E 55 AMG', '3'),
	('327', 'E 60 AMG', '3'),
	('328', 'E 63 AMG', '3'),
	('329', 'EQA', '3'),
	('330', 'EQB', '3'),
	('331', 'EQC', '3'),
	('332', 'EQE', '3'),
	('333', 'EQE SUV', '3'),
	('334', 'EQS', '3'),
	('335', 'EQS SUV', '3'),
	('336', 'EQT', '3'),
	('337', 'EQV', '3'),
	('338', 'G 230', '3'),
	('339', 'G 240', '3'),
	('340', 'G 250', '3'),
	('341', 'G 270', '3'),
	('342', 'G 280', '3'),
	('343', 'G 290', '3'),
	('344', 'G 300', '3'),
	('345', 'G 320', '3'),
	('346', 'G 350', '3'),
	('347', 'G 400', '3'),
	('348', 'G 500', '3'),
	('349', 'G 55 AMG', '3'),
	('350', 'G 63 AMG', '3'),
	('351', 'G 65 AMG', '3'),
	('352', 'GLA 180', '3'),
	('353', 'GLA 200', '3'),
	('354', 'GLA 220', '3'),
	('355', 'GLA 250', '3'),
	('356', 'GLA 35 AMG', '3'),
	('357', 'GLA 45 AMG', '3'),
	('358', 'GLB 180', '3'),
	('359', 'GLB 200', '3'),
	('360', 'GLB 220', '3'),
	('361', 'GLB 250', '3'),
	('362', 'GLB 35 AMG', '3'),
	('363', 'GLC 200', '3'),
	('364', 'GLC 220', '3'),
	('365', 'GLC 250', '3'),
	('366', 'GLC 300', '3'),
	('367', 'GLC 350', '3'),
	('368', 'GLC 400', '3'),
	('369', 'GLC 43 AMG', '3'),
	('370', 'GLC 63 AMG', '3'),
	('371', 'GLE 250', '3'),
	('372', 'GLE 300', '3'),
	('373', 'GLE 350', '3'),
	('374', 'GLE 400', '3'),
	('375', 'GLE 43 AMG', '3'),
	('376', 'GLE 450', '3'),
	('377', 'GLE 500', '3'),
	('378', 'GLE 53 AMG', '3'),
	('379', 'GLE 580', '3'),
	('380', 'GLE 63 AMG', '3'),
	('381', 'GLK 200', '3'),
	('382', 'GLK 220', '3'),
	('383', 'GLK 250', '3'),
	('384', 'GLK 280', '3'),
	('385', 'GLK 300', '3'),
	('386', 'GLK 320', '3'),
	('387', 'GLK 350', '3'),
	('388', 'GL 320', '3'),
	('389', 'GL 350', '3'),
	('390', 'GL 400', '3'),
	('391', 'GL 420', '3'),
	('392', 'GL 450', '3'),
	('393', 'GL 500', '3'),
	('394', 'GL 55 AMG', '3'),
	('395', 'GL 63 AMG', '3'),
	('396', 'GLS 350', '3'),
	('397', 'GLS 400', '3'),
	('398', 'GLS 450', '3'),
	('399', 'GLS 500', '3'),
	('400', 'GLS 580', '3'),
	('401', 'GLS 600', '3'),
	('402', 'GLS 63', '3'),
	('403', 'AMG GT', '3'),
	('404', 'AMG GT C', '3'),
	('405', 'AMG GT R', '3'),
	('406', 'AMG GT S', '3'),
	('407', 'MB 100', '3'),
	('408', 'ML 230', '3'),
	('409', 'ML 250', '3'),
	('410', 'ML 270', '3'),
	('411', 'ML 280', '3'),
	('412', 'ML 300', '3'),
	('413', 'ML 320', '3'),
	('414', 'ML 350', '3'),
	('415', 'ML 400', '3'),
	('416', 'ML 420', '3'),
	('417', 'ML 430', '3'),
	('418', 'ML 450', '3'),
	('419', 'ML 500', '3'),
	('420', 'ML 55 AMG', '3'),
	('421', 'ML 63 AMG', '3'),
	('422', 'R 280', '3'),
	('423', 'R 300', '3'),
	('424', 'R 320', '3'),
	('425', 'R 350', '3'),
	('426', 'R 500', '3'),
	('427', 'R 63 AMG', '3'),
	('428', 'S 250', '3'),
	('429', 'S 260', '3'),
	('430', 'S 280', '3'),
	('431', 'S 300', '3'),
	('432', 'S 320', '3'),
	('433', 'S 350', '3'),
	('434', 'S 400', '3'),
	('435', 'S 420', '3'),
	('436', 'S 430', '3'),
	('437', 'S 450', '3'),
	('438', 'S 500', '3'),
	('439', 'S 55', '3'),
	('440', 'S 550', '3'),
	('441', 'S 560', '3'),
	('442', 'S 580', '3'),
	('443', 'S 600', '3'),
	('444', 'S 63 AMG', '3'),
	('445', 'S 650', '3'),
	('446', 'S 65 AMG', '3'),
	('447', 'S 680', '3'),
	('448', 'SLC 180', '3'),
	('449', 'SLC 200', '3'),
	('450', 'SLC 250', '3'),
	('451', 'SLC 280', '3'),
	('452', 'SLC 300', '3'),
	('453', 'SLC 43 AMG', '3'),
	('454', 'SLK 200', '3'),
	('455', 'SLK 230', '3'),
	('456', 'SLK 250', '3'),
	('457', 'SLK 280', '3'),
	('458', 'SLK 300', '3'),
	('459', 'SLK 320', '3'),
	('460', 'SLK 32 AMG', '3'),
	('461', 'SLK 350', '3'),
	('462', 'SLK 55 AMG', '3'),
	('463', 'SL 280', '3'),
	('464', 'SL 300', '3'),
	('465', 'SL 320', '3'),
	('466', 'SL 350', '3'),
	('467', 'SL 380', '3'),
	('468', 'SL 400', '3'),
	('469', 'SL 420', '3'),
	('470', 'SL 43 AMG', '3'),
	('471', 'SL 450', '3'),
	('472', 'SL 500', '3'),
	('473', 'SL 55 AMG', '3'),
	('474', 'SL 560', '3'),
	('475', 'SL 600', '3'),
	('476', 'SL 60 AMG', '3'),
	('477', 'SL 63 AMG', '3'),
	('478', 'SL 65 AMG', '3'),
	('479', 'SL 70 AMG', '3'),
	('480', 'SL 73 AMG', '3'),
	('481', 'SLR', '3'),
	('482', 'SLS AMG', '3'),
	('483', 'Sprinter', '3'),
	('484', 'T-Klasse', '3'),
	('485', 'Vaneo', '3'),
	('486', 'Vario', '3'),
	('487', 'Viano', '3'),
	('488', 'Vito', '3'),
	('489', 'V 200', '3'),
	('490', 'V 220', '3'),
	('491', 'V 230', '3'),
	('492', 'V 250', '3'),
	('493', 'V 280', '3'),
	('494', 'V 300', '3'),
	('495', 'X 220', '3'),
	('496', 'X 250', '3'),
	('497', 'X 350', '3'),
	('498', '181', '4'),
	('499', 'Amarok', '4'),
	('500', 'Arteon', '4'),
	('501', 'Beetle', '4'),
	('502', 'Bora', '4'),
	('503', 'Buggy', '4'),
	('504', 'Caddy', '4'),
	('505', 'CC', '4'),
	('506', 'Corrado', '4'),
	('507', 'Crafter', '4'),
	('508', 'Eos', '4'),
	('509', 'Fox', '4'),
	('510', 'Golf', '4'),
	('511', 'Golf Plus', '4'),
	('512', 'Golf Sportsvan', '4'),
	('513', 'ID.3', '4'),
	('514', 'ID.4', '4'),
	('515', 'ID.5', '4'),
	('516', 'ID.6', '4'),
	('517', 'ID. Buzz', '4'),
	('518', 'Iltis', '4'),
	('519', 'Jetta', '4'),
	('520', 'Käfer', '4'),
	('521', 'Karmann Ghia', '4'),
	('522', 'LT', '4'),
	('523', 'Lupo', '4'),
	('524', 'New Beetle', '4'),
	('525', 'Passat', '4'),
	('526', 'Passat Alltrack', '4'),
	('527', 'Passat CC', '4'),
	('528', 'Passat Variant', '4'),
	('529', 'Phaeton', '4'),
	('530', 'Polo', '4'),
	('531', 'Routan', '4'),
	('532', 'Santana', '4'),
	('533', 'Scirocco', '4'),
	('534', 'Sharan', '4'),
	('535', 'T1', '4'),
	('536', 'T2', '4'),
	('537', 'T3 andere', '4'),
	('538', 'T3 Caravelle', '4'),
	('539', 'T3 Kombi', '4'),
	('540', 'T3 Multivan', '4'),
	('541', 'T4 andere', '4'),
	('542', 'T4 California', '4'),
	('543', 'T4 Caravelle', '4'),
	('544', 'T4 Kombi', '4'),
	('545', 'T4 Multivan', '4'),
	('546', 'T5 andere', '4'),
	('547', 'T5 California', '4'),
	('548', 'T5 Caravelle', '4'),
	('549', 'T5 Kombi', '4'),
	('550', 'T5 Multivan', '4'),
	('551', 'T5 Shuttle', '4'),
	('552', 'T5 Transporter', '4'),
	('553', 'T6 andere', '4'),
	('554', 'T6 California', '4'),
	('555', 'T6 Caravelle', '4'),
	('556', 'T6 Kombi', '4'),
	('557', 'T6 Multivan', '4'),
	('558', 'T6 Transporter', '4'),
	('559', 'T7 Multivan', '4'),
	('560', 'Taigo', '4'),
	('561', 'Taro', '4'),
	('562', 'T-Cross', '4'),
	('563', 'Tiguan', '4'),
	('564', 'Tiguan Allspace', '4'),
	('565', 'Touareg', '4'),
	('566', 'Touran', '4'),
	('567', 'T-Roc', '4'),
	('568', 'up!', '4'),
	('569', 'Vento', '4'),
	('570', 'XL1', '4'),
	('571', '124 Spider', '5'),
	('572', '500', '5'),
	('573', '500C', '5'),
	('574', '595', '5'),
	('575', '595C', '5'),
	('576', '595 Competizione', '5'),
	('577', '595 Turismo', '5'),
	('578', '695', '5'),
	('579', '695C', '5'),
	('580', 'Grande Punto', '5'),
	('581', 'Punto Evo', '5'),
	('582', 'MDX', '7'),
	('583', 'NSX', '7'),
	('584', 'RL', '7'),
	('585', 'RSX', '7'),
	('586', 'TL', '7'),
	('587', 'TSX', '7'),
	('588', 'City', '9'),
	('589', 'Crossline', '9'),
	('590', 'Roadline', '9'),
	('591', 'Scouty R', '9'),
	('592', '4C', '10'),
	('593', '8C', '10'),
	('605', 'Alfasud', '10'),
	('606', 'Alfetta', '10'),
	('607', 'Brera', '10'),
	('608', 'Crosswagon', '10'),
	('609', 'Giulia', '10'),
	('610', 'Giulietta', '10'),
	('611', 'GT', '10'),
	('612', 'GTV', '10'),
	('613', 'Junior', '10'),
	('614', 'MiTo', '10'),
	('615', 'Spider', '10'),
	('616', 'Sprint', '10'),
	('617', 'Stelvio', '10'),
	('618', 'Tonale', '10'),
	('619', 'B10', '11'),
	('620', 'B12', '11'),
	('621', 'B3', '11'),
	('622', 'B4', '11'),
	('623', 'B5', '11'),
	('624', 'B6', '11'),
	('625', 'B7', '11'),
	('626', 'B8', '11'),
	('627', 'D10', '11'),
	('628', 'D3', '11'),
	('629', 'D4', '11'),
	('630', 'D5', '11'),
	('631', 'Roadster S', '11'),
	('632', 'XB7', '11'),
	('633', 'XD3', '11'),
	('634', 'XD4', '11'),
	('635', 'GT', '12'),
	('636', 'Rocsta', '13'),
	('637', 'AR1', '14'),
	('638', 'Cygnet', '14'),
	('639', 'DB', '14'),
	('640', 'DB11', '14'),
	('641', 'DB7', '14'),
	('642', 'DB9', '14'),
	('643', 'DBS', '14'),
	('644', 'DBX', '14'),
	('645', 'Lagonda', '14'),
	('646', 'Rapide', '14'),
	('647', 'V12 Vantage', '14'),
	('648', 'V8 Vantage', '14'),
	('649', 'Vanquish', '14'),
	('650', 'Virage', '14'),
	('651', 'BJ20', '17'),
	('652', 'BJ40', '17'),
	('653', 'Senova D20', '17'),
	('654', 'Senova X25', '17'),
	('655', 'Senova X35', '17'),
	('656', 'Senova X55', '17'),
	('657', 'Senova X65', '17'),
	('658', 'X55', '17'),
	('659', 'Arnage', '18'),
	('660', 'Azure', '18'),
	('661', 'Bentayga', '18'),
	('662', 'Brooklands', '18'),
	('663', 'Continental (Alle)', '18'),
	('664', 'Continental', '18'),
	('665', 'Continental Flying Spur', '18'),
	('666', 'Continental GT', '18'),
	('667', 'Continental GTC', '18'),
	('668', 'Continental Supersports', '18'),
	('669', 'Eight', '18'),
	('670', 'Flying Spur', '18'),
	('671', 'Mulsanne', '18'),
	('672', 'Turbo R', '18'),
	('673', 'Turbo RT', '18'),
	('674', 'Turbo S', '18'),
	('675', 'BC3', '20'),
	('676', 'BS2', '20'),
	('677', 'BS4', '20'),
	('678', 'BS6', '20'),
	('679', 'Chiron', '21'),
	('680', 'EB 110', '21'),
	('681', 'Veyron', '21'),
	('683', 'Century', '22'),
	('684', 'Electra', '22'),
	('685', 'Enclave', '22'),
	('686', 'La Crosse', '22'),
	('687', 'Le Sabre', '22'),
	('688', 'Park Avenue', '22'),
	('689', 'Regal', '22'),
	('690', 'Riviera', '22'),
	('691', 'Roadmaster', '22'),
	('692', 'Skylark', '22'),
	('694', 'ATTO 3', '23'),
	('695', 'DOLPHIN', '23'),
	('696', 'HAN', '23'),
	('697', 'SEAL', '23'),
	('698', 'TANG', '23'),
	('700', 'Allante', '24'),
	('701', 'ATS', '24'),
	('702', 'BLS', '24'),
	('703', 'CT6', '24'),
	('704', 'CTS', '24'),
	('705', 'Deville', '24'),
	('706', 'Eldorado', '24'),
	('707', 'Escalade', '24'),
	('594', '145', '10'),
	('595', '146', '10'),
	('596', '147', '10'),
	('708', 'Fleetwood', '24'),
	('709', 'Seville', '24'),
	('710', 'SRX', '24'),
	('711', 'STS', '24'),
	('712', 'XLR', '24'),
	('713', 'XT4', '24'),
	('714', 'XT5', '24'),
	('715', 'XT6', '24'),
	('717', '2500', '28'),
	('718', 'Alero', '28'),
	('719', 'Astro', '28'),
	('720', 'Avalanche', '28'),
	('721', 'Aveo', '28'),
	('722', 'Beretta', '28'),
	('723', 'Blazer', '28'),
	('724', 'C1500', '28'),
	('725', 'Camaro', '28'),
	('726', 'Caprice', '28'),
	('727', 'Captiva', '28'),
	('728', 'Cavalier', '28'),
	('729', 'Chevelle', '28'),
	('730', 'Chevy Van', '28'),
	('731', 'Citation', '28'),
	('732', 'Colorado', '28'),
	('733', 'Corsica', '28'),
	('734', 'Cruze', '28'),
	('735', 'El Camino', '28'),
	('736', 'Epica', '28'),
	('737', 'Evanda', '28'),
	('738', 'Express', '28'),
	('739', 'G', '28'),
	('740', 'HHR', '28'),
	('741', 'Impala', '28'),
	('742', 'K1500', '28'),
	('743', 'K30', '28'),
	('744', 'Kalos', '28'),
	('745', 'Lacetti', '28'),
	('746', 'Lumina', '28'),
	('747', 'Malibu', '28'),
	('748', 'Matiz', '28'),
	('749', 'Niva', '28'),
	('750', 'Nubira', '28'),
	('751', 'Orlando', '28'),
	('752', 'Rezzo', '28'),
	('753', 'S-10', '28'),
	('754', 'Silverado', '28'),
	('755', 'Spark', '28'),
	('756', 'SSR', '28'),
	('757', 'Suburban', '28'),
	('758', 'Tahoe', '28'),
	('759', 'Trailblazer', '28'),
	('760', 'Trans Sport', '28'),
	('761', 'Traverse', '28'),
	('762', 'Trax', '28'),
	('763', 'Venture', '28'),
	('764', 'Volt', '28'),
	('766', '200', '29'),
	('767', '300C', '29'),
	('768', '300 M', '29'),
	('769', 'Aspen', '29'),
	('770', 'Crossfire', '29'),
	('771', 'Daytona', '29'),
	('772', 'ES', '29'),
	('773', 'Grand Voyager', '29'),
	('774', 'GS', '29'),
	('775', 'GTS', '29'),
	('776', 'Imperial', '29'),
	('777', 'Le Baron', '29'),
	('778', 'Neon', '29'),
	('779', 'New Yorker', '29'),
	('780', 'Pacifica', '29'),
	('781', 'PT Cruiser', '29'),
	('782', 'Saratoga', '29'),
	('783', 'Sebring', '29'),
	('784', 'Stratus', '29'),
	('785', 'Valiant', '29'),
	('786', 'Viper', '29'),
	('787', 'Vision', '29'),
	('788', 'Voyager', '29'),
	('790', '2 CV', '30'),
	('791', 'AX', '30'),
	('792', 'Berlingo', '30'),
	('793', 'BX', '30'),
	('794', 'C1', '30'),
	('795', 'C2', '30'),
	('796', 'C3', '30'),
	('797', 'C3 Aircross', '30'),
	('798', 'C3 Picasso', '30'),
	('799', 'C4', '30'),
	('800', 'C4 Aircross', '30'),
	('801', 'C4 Cactus', '30'),
	('802', 'C4 Picasso', '30'),
	('803', 'C4 SpaceTourer', '30'),
	('804', 'C4 X', '30'),
	('805', 'C5', '30'),
	('806', 'C5 Aircross', '30'),
	('807', 'C5 X', '30'),
	('808', 'C6', '30'),
	('809', 'C8', '30'),
	('810', 'C-Crosser', '30'),
	('811', 'C-Elysée', '30'),
	('812', 'CX', '30'),
	('813', 'C-Zero', '30'),
	('814', 'DS', '30'),
	('815', 'DS3', '30'),
	('816', 'DS4', '30'),
	('817', 'DS4 Crossback', '30'),
	('818', 'DS5', '30'),
	('819', 'E-MEHARI', '30'),
	('820', 'Evasion', '30'),
	('821', 'Grand C4 Picasso / SpaceTourer', '30'),
	('822', 'GSA', '30'),
	('823', 'Jumper', '30'),
	('824', 'Jumpy', '30'),
	('825', 'Nemo', '30'),
	('826', 'SAXO', '30'),
	('827', 'SM', '30'),
	('828', 'SpaceTourer', '30'),
	('829', 'Visa', '30'),
	('830', 'Xantia', '30'),
	('831', 'XM', '30'),
	('832', 'Xsara', '30'),
	('833', 'Xsara Picasso', '30'),
	('834', 'ZX', '30'),
	('836', 'C1', '32'),
	('837', 'C2', '32'),
	('838', 'C3', '32'),
	('839', 'C4', '32'),
	('840', 'C5', '32'),
	('841', 'C6', '32'),
	('842', 'C7', '32'),
	('843', 'C8', '32'),
	('844', 'Z06', '32'),
	('845', 'ZR 1', '32'),
	('847', 'Arona', '33'),
	('848', 'Ateca', '33'),
	('849', 'Born', '33'),
	('850', 'Formentor', '33'),
	('851', 'Ibiza', '33'),
	('852', 'Leon', '33'),
	('854', 'Dokker', '34'),
	('855', 'Duster', '34'),
	('856', 'Jogger', '34'),
	('857', 'Lodgy', '34'),
	('858', 'Logan', '34'),
	('859', 'Logan Pick-Up', '34'),
	('860', 'Pick Up', '34'),
	('861', 'Sandero', '34'),
	('862', 'Spring', '34'),
	('864', 'Espero', '35'),
	('865', 'Evanda', '35'),
	('866', 'Kalos', '35'),
	('867', 'Korando', '35'),
	('868', 'Lacetti', '35'),
	('869', 'Lanos', '35'),
	('870', 'Leganza', '35'),
	('871', 'Matiz', '35'),
	('872', 'Musso', '35'),
	('873', 'Nexia', '35'),
	('874', 'Nubira', '35'),
	('875', 'Rezzo', '35'),
	('876', 'Tacuma', '35'),
	('878', 'Applause', '36'),
	('879', 'Charade', '36'),
	('880', 'Charmant', '36'),
	('881', 'Copen', '36'),
	('882', 'Cuore', '36'),
	('883', 'Feroza/Sportrak', '36'),
	('884', 'Freeclimber', '36'),
	('885', 'Gran Move', '36'),
	('886', 'Hijet', '36'),
	('887', 'MATERIA', '36'),
	('888', 'Move', '36'),
	('889', 'Rocky/Fourtrak', '36'),
	('890', 'Sirion', '36'),
	('891', 'Terios', '36'),
	('892', 'TREVIS', '36'),
	('893', 'YRV', '36'),
	('895', 'Guarà', '37'),
	('896', 'Pantera', '37'),
	('898', 'Fengon', '38'),
	('899', 'Forthing 4', '38'),
	('900', 'Forthing 5', '38'),
	('901', 'Glory', '38'),
	('902', 'Seres 3', '38'),
	('903', 'Seres 5', '38'),
	('905', 'Avenger', '39'),
	('906', 'Caliber', '39'),
	('907', 'Challenger', '39'),
	('908', 'Charger', '39'),
	('909', 'Coronet', '39'),
	('910', 'Dakota', '39'),
	('911', 'Dart', '39'),
	('912', 'Demon', '39'),
	('913', 'Durango', '39'),
	('914', 'Grand Caravan', '39'),
	('915', 'Hornet', '39'),
	('916', 'Journey', '39'),
	('917', 'Magnum', '39'),
	('918', 'Neon', '39'),
	('919', 'Nitro', '39'),
	('920', 'RAM', '39'),
	('921', 'Stealth', '39'),
	('922', 'Viper', '39'),
	('924', 'D8', '40'),
	('925', 'S7', '40'),
	('926', 'S8', '40'),
	('928', 'DS3', '41'),
	('929', 'DS3 Crossback', '41'),
	('930', 'DS4', '41'),
	('931', 'DS4 Crossback', '41'),
	('932', 'DS5', '41'),
	('933', 'DS7 (Crossback)', '41'),
	('934', 'DS9', '41'),
	('936', '208', '44'),
	('937', '246', '44'),
	('938', '250', '44'),
	('939', '275', '44'),
	('940', '288', '44'),
	('941', '296 GTB', '44'),
	('942', '308', '44'),
	('943', '328', '44'),
	('944', '330', '44'),
	('945', '348', '44'),
	('946', '360', '44'),
	('947', '365', '44'),
	('948', '400', '44'),
	('949', '412', '44'),
	('950', '456', '44'),
	('951', '458', '44'),
	('952', '488 GTB', '44'),
	('953', '488 Pista', '44'),
	('954', '488 Spider', '44'),
	('955', '512', '44'),
	('956', '550', '44'),
	('957', '575', '44'),
	('958', '599 GTB', '44'),
	('959', '599 GTO', '44'),
	('960', '599 SA Aperta', '44'),
	('961', '612', '44'),
	('962', '750', '44'),
	('963', '812', '44'),
	('964', 'California', '44'),
	('965', 'Daytona', '44'),
	('966', 'Dino GT4', '44'),
	('967', 'Enzo Ferrari', '44'),
	('968', 'F12', '44'),
	('969', 'F355', '44'),
	('970', 'F40', '44'),
	('971', 'F430', '44'),
	('972', 'F50', '44'),
	('973', 'F8', '44'),
	('974', 'FF', '44'),
	('975', 'GTC4Lusso', '44'),
	('976', 'LaFerrari', '44'),
	('977', 'Mondial', '44'),
	('978', 'Portofino', '44'),
	('979', 'Purosangue', '44'),
	('980', 'Roma', '44'),
	('981', 'SF90', '44'),
	('982', 'Superamerica', '44'),
	('983', 'Testarossa', '44'),
	('985', '124', '45'),
	('986', '124 Spider', '45'),
	('987', '126', '45'),
	('988', '127', '45'),
	('989', '130', '45'),
	('990', '131', '45'),
	('991', '500', '45'),
	('992', '500C', '45'),
	('993', '500e', '45'),
	('994', '500L', '45'),
	('995', '500L Cross', '45'),
	('996', '500L Living', '45'),
	('997', '500L Trekking', '45'),
	('998', '500L Urban', '45'),
	('999', '500L Wagon', '45'),
	('1000', '500S', '45'),
	('1001', '500X', '45'),
	('1002', '600e', '45'),
	('1003', 'Albea', '45'),
	('1004', 'Barchetta', '45'),
	('1005', 'Brava', '45'),
	('1006', 'Bravo', '45'),
	('1007', 'Cinquecento', '45'),
	('1008', 'Coupe', '45'),
	('1009', 'Croma', '45'),
	('1010', 'Dino', '45'),
	('1011', 'Doblo', '45'),
	('1012', 'Ducato', '45'),
	('1013', 'Fiorino', '45'),
	('1014', 'Freemont', '45'),
	('1015', 'Fullback', '45'),
	('1016', 'Grande Punto', '45'),
	('1017', 'Idea', '45'),
	('1018', 'Linea', '45'),
	('1019', 'Marea', '45'),
	('1020', 'Marengo', '45'),
	('1021', 'Multipla', '45'),
	('1022', 'New Panda', '45'),
	('1023', 'Palio', '45'),
	('1024', 'Panda', '45'),
	('1025', 'Punto', '45'),
	('1026', 'Punto Evo', '45'),
	('1027', 'Qubo', '45'),
	('1028', 'Regata', '45'),
	('1029', 'Ritmo', '45'),
	('1030', 'Scudo', '45'),
	('1031', 'Sedici', '45'),
	('1032', 'Seicento', '45'),
	('1033', 'Siena', '45'),
	('1034', 'Spider Europa', '45'),
	('1035', 'Stilo', '45'),
	('1036', 'Strada', '45'),
	('1037', 'Talento', '45'),
	('1038', 'Tempra', '45'),
	('1039', 'Tipo', '45'),
	('1040', 'Ulysse', '45'),
	('1041', 'Uno', '45'),
	('1042', 'X 1/9', '45'),
	('1044', 'Karma', '46'),
	('1046', 'Aerostar', '47'),
	('1047', 'B-Max', '47'),
	('1048', 'Bronco', '47'),
	('1049', 'Bronco Sport', '47'),
	('1050', 'Capri', '47'),
	('1051', 'C-Max', '47'),
	('1052', 'Cougar', '47'),
	('1053', 'Courier', '47'),
	('1054', 'Crown', '47'),
	('1055', 'Econoline', '47'),
	('1056', 'Econovan', '47'),
	('1057', 'EcoSport', '47'),
	('1058', 'Edge', '47'),
	('1059', 'Escape', '47'),
	('1060', 'Escort', '47'),
	('1061', 'Excursion', '47'),
	('1062', 'Expedition', '47'),
	('1063', 'Explorer', '47'),
	('1064', 'Express', '47'),
	('1065', 'F 100', '47'),
	('1066', 'F 150', '47'),
	('1067', 'F 250', '47'),
	('1068', 'F 350', '47'),
	('1069', 'Fairlane', '47'),
	('1070', 'Falcon', '47'),
	('1071', 'Fiesta', '47'),
	('1072', 'Flex', '47'),
	('1073', 'Focus', '47'),
	('1074', 'Fusion', '47'),
	('1075', 'Galaxy', '47'),
	('1076', 'Granada', '47'),
	('1077', 'Grand C-Max', '47'),
	('1078', 'Grand Tourneo', '47'),
	('1079', 'GT', '47'),
	('1080', 'Ka/Ka+', '47'),
	('1081', 'Kuga', '47'),
	('1082', 'Maverick', '47'),
	('1083', 'Mercury', '47'),
	('1084', 'Mondeo', '47'),
	('1085', 'Mustang', '47'),
	('1086', 'Mustang Mach-E', '47'),
	('1087', 'Orion', '47'),
	('1088', 'Probe', '47'),
	('1089', 'Puma', '47'),
	('1090', 'Ranger', '47'),
	('1091', 'Raptor', '47'),
	('1092', 'Scorpio', '47'),
	('1093', 'Sierra', '47'),
	('1094', 'S-Max', '47'),
	('1095', 'Sportka', '47'),
	('1096', 'Streetka', '47'),
	('1097', 'Taunus', '47'),
	('1098', 'Taurus', '47'),
	('1099', 'Thunderbird', '47'),
	('1100', 'Tourneo', '47'),
	('1101', 'Tourneo Connect', '47'),
	('1102', 'Tourneo Courier', '47'),
	('1103', 'Tourneo Custom', '47'),
	('1104', 'Transit', '47'),
	('1105', 'Transit Connect', '47'),
	('1106', 'Transit Courier', '47'),
	('1107', 'Transit Custom', '47'),
	('1108', 'Windstar', '47'),
	('1110', 'G70', '50'),
	('1111', 'G80', '50'),
	('1112', 'GV60', '50'),
	('1113', 'GV70', '50'),
	('1114', 'GV80', '50'),
	('1116', 'Acadia', '51'),
	('1117', 'Envoy', '51'),
	('1118', 'Safari', '51'),
	('1119', 'Savana', '51'),
	('1120', 'Sierra', '51'),
	('1121', 'Sonoma', '51'),
	('1122', 'Syclone', '51'),
	('1123', 'Terrain', '51'),
	('1124', 'Typhoon', '51'),
	('1125', 'Vandura', '51'),
	('1126', 'Yukon', '51'),
	('1128', 'Sonique', '52'),
	('1130', 'Accord', '55'),
	('1131', 'Aerodeck', '55'),
	('1132', 'City', '55'),
	('1133', 'Civic', '55'),
	('1134', 'Clarity', '55'),
	('1135', 'Concerto', '55'),
	('1136', 'CR-V', '55'),
	('1137', 'CRX', '55'),
	('1138', 'CR-Z', '55'),
	('1139', 'e', '55'),
	('1140', 'e:Ny1', '55'),
	('1141', 'Element', '55'),
	('1142', 'FR-V', '55'),
	('1143', 'HR-V', '55'),
	('1144', 'Insight', '55'),
	('1145', 'Integra', '55'),
	('1146', 'Jazz', '55'),
	('1147', 'Legend', '55'),
	('1148', 'Logo', '55'),
	('1149', 'NSX', '55'),
	('1150', 'Odyssey', '55'),
	('1151', 'Pilot', '55'),
	('1152', 'Prelude', '55'),
	('1153', 'Ridgeline', '55'),
	('1154', 'S2000', '55'),
	('1155', 'Shuttle', '55'),
	('1156', 'Stream', '55'),
	('1157', 'ZR-V', '55'),
	('1159', 'H1', '56'),
	('1160', 'H2', '56'),
	('1161', 'H3', '56'),
	('1163', 'Accent', '57'),
	('1164', 'Atos', '57'),
	('1165', 'Azera', '57'),
	('1166', 'Bayon', '57'),
	('1167', 'Coupe', '57'),
	('1168', 'Elantra', '57'),
	('1169', 'Excel', '57'),
	('1170', 'Galloper', '57'),
	('1171', 'Genesis', '57'),
	('1172', 'Getz', '57'),
	('1173', 'Grandeur', '57'),
	('1174', 'Grand Santa Fe', '57'),
	('1175', 'H-1', '57'),
	('1176', 'H 100', '57'),
	('1177', 'H-1 Starex', '57'),
	('1178', 'H 200', '57'),
	('1179', 'H350', '57'),
	('1180', 'i10', '57'),
	('1181', 'i20', '57'),
	('1182', 'i30', '57'),
	('1183', 'i40', '57'),
	('1184', 'IONIQ', '57'),
	('1185', 'IONIQ 5', '57'),
	('1186', 'IONIQ 6', '57'),
	('1187', 'ix20', '57'),
	('1188', 'ix35', '57'),
	('1189', 'ix55', '57'),
	('1190', 'Kona', '57'),
	('1191', 'Lantra', '57'),
	('1192', 'Matrix', '57'),
	('1193', 'Nexo', '57'),
	('1194', 'Pony', '57'),
	('1195', 'Santa Fe', '57'),
	('1196', 'Santamo', '57'),
	('1197', 'S-Coupe', '57'),
	('1198', 'Sonata', '57'),
	('1199', 'Staria', '57'),
	('1200', 'Terracan', '57'),
	('1201', 'Trajet', '57'),
	('1202', 'Tucson', '57'),
	('1203', 'Veloster', '57'),
	('1204', 'Veracruz', '57'),
	('1205', 'XG 30', '57'),
	('1206', 'XG 350', '57'),
	('1208', 'Grenadier', '58'),
	('1211', 'EX30', '59'),
	('1212', 'EX35', '59'),
	('1213', 'EX37', '59'),
	('1214', 'FX', '59'),
	('1215', 'G35', '59'),
	('1216', 'G37', '59'),
	('1217', 'M30', '59'),
	('1218', 'M35', '59'),
	('1219', 'M37', '59'),
	('1220', 'Q30', '59'),
	('1221', 'Q45', '59'),
	('1222', 'Q50', '59'),
	('1223', 'Q60', '59'),
	('1224', 'Q70', '59'),
	('1225', 'QX30', '59'),
	('1226', 'QX50', '59'),
	('1227', 'QX56', '59'),
	('1228', 'QX60', '59'),
	('1229', 'QX70', '59'),
	('1230', 'QX80', '59'),
	('1232', 'Campo', '60'),
	('1233', 'D-Max', '60'),
	('1234', 'Gemini', '60'),
	('1235', 'Midi', '60'),
	('1236', 'PICK UP', '60'),
	('1237', 'Trooper', '60'),
	('1239', 'Massif', '61'),
	('1241', 'Daimler', '63'),
	('1242', 'E-Pace', '63'),
	('1243', 'E-Type', '63'),
	('1244', 'F-Pace', '63'),
	('1245', 'F-Type', '63'),
	('1246', 'I-Pace', '63'),
	('1247', 'MK II', '63'),
	('1248', 'S-Type', '63'),
	('1249', 'XE', '63'),
	('1250', 'XF', '63'),
	('1251', 'XJ', '63'),
	('1252', 'XJ12', '63'),
	('1253', 'XJ40', '63'),
	('1254', 'XJ6', '63'),
	('1255', 'XJ8', '63'),
	('1256', 'XJR', '63'),
	('1257', 'XJS', '63'),
	('1258', 'XJSC', '63'),
	('1259', 'XK', '63'),
	('1260', 'XK8', '63'),
	('1261', 'XKR', '63'),
	('1262', 'X-Type', '63'),
	('1264', 'Avenger', '64'),
	('1265', 'Cherokee', '64'),
	('1266', 'CJ', '64'),
	('1267', 'Comanche', '64'),
	('1268', 'Commander', '64'),
	('1269', 'Compass', '64'),
	('1270', 'Gladiator', '64'),
	('1271', 'Grand Cherokee', '64'),
	('1272', 'Patriot', '64'),
	('1273', 'Renegade', '64'),
	('1274', 'Wagoneer', '64'),
	('1275', 'Willys', '64'),
	('1276', 'Wrangler', '64'),
	('1278', 'Besta', '65'),
	('1279', 'Borrego', '65'),
	('1280', 'Carens', '65'),
	('1281', 'Carnival', '65'),
	('1282', 'ceed / Ceed', '65'),
	('1283', 'ceed Sportswagon', '65'),
	('1284', 'Cerato', '65'),
	('1285', 'Clarus', '65'),
	('1286', 'Elan', '65'),
	('1287', 'EV6', '65'),
	('1288', 'EV9', '65'),
	('1289', 'Joice', '65'),
	('1290', 'K2500', '65'),
	('1291', 'K2700', '65'),
	('1292', 'Leo', '65'),
	('1293', 'Magentis', '65'),
	('1294', 'Mentor', '65'),
	('1295', 'Mini', '65'),
	('1296', 'Niro', '65'),
	('1297', 'Opirus', '65'),
	('1298', 'Optima', '65'),
	('1299', 'Picanto', '65'),
	('1300', 'Pregio', '65'),
	('1301', 'Pride', '65'),
	('1302', 'pro ceed / ProCeed', '65'),
	('1303', 'Retona', '65'),
	('1304', 'Rio', '65'),
	('1305', 'Roadster', '65'),
	('1306', 'Rocsta', '65'),
	('1307', 'Sephia', '65'),
	('1308', 'Shuma', '65'),
	('1309', 'Sorento', '65'),
	('1310', 'Soul', '65'),
	('1311', 'Sportage', '65'),
	('1312', 'Stinger', '65'),
	('1313', 'Stonic', '65'),
	('1314', 'Venga', '65'),
	('1315', 'XCeed', '65'),
	('1318', 'Agera', '66'),
	('1319', 'CCR', '66'),
	('1320', 'CCXR', '66'),
	('1322', 'X-BOW', '67'),
	('1324', '110', '68'),
	('1325', '111', '68'),
	('1326', '112', '68'),
	('1327', '1200', '68'),
	('1328', '2107', '68'),
	('1329', '2110', '68'),
	('1330', '2111', '68'),
	('1331', '2112', '68'),
	('1332', 'Aleko', '68'),
	('1333', 'Forma', '68'),
	('1334', 'Granta', '68'),
	('1335', 'Kalina', '68'),
	('1336', 'Niva', '68'),
	('1337', 'Nova', '68'),
	('1338', 'Priora', '68'),
	('1339', 'Samara', '68'),
	('1340', 'Taiga', '68'),
	('1341', 'Urban', '68'),
	('1342', 'Vesta', '68'),
	('1343', 'X-Ray', '68'),
	('1345', 'Aventador', '69'),
	('1346', 'Countach', '69'),
	('1347', 'Diablo', '69'),
	('1348', 'Espada', '69'),
	('1349', 'Gallardo', '69'),
	('1350', 'Huracán', '69'),
	('1351', 'Jalpa', '69'),
	('1352', 'LM', '69'),
	('1353', 'Miura', '69'),
	('1354', 'Murciélago', '69'),
	('1355', 'Urraco', '69'),
	('1356', 'Urus', '69'),
	('1358', 'Beta', '70'),
	('1359', 'Dedra', '70'),
	('1360', 'Delta', '70'),
	('1361', 'Flaminia', '70'),
	('1362', 'Flavia', '70'),
	('1363', 'Fulvia', '70'),
	('1364', 'Gamma', '70'),
	('1365', 'Kappa', '70'),
	('1366', 'Lybra', '70'),
	('1367', 'MUSA', '70'),
	('1368', 'Phedra', '70'),
	('1369', 'Prisma', '70'),
	('1370', 'Stratos', '70'),
	('1371', 'Thema', '70'),
	('1372', 'Thesis', '70'),
	('1373', 'Voyager', '70'),
	('1374', 'Ypsilon', '70'),
	('1375', 'Zeta', '70'),
	('1377', 'Defender', '71'),
	('1378', 'Discovery', '71'),
	('1379', 'Discovery Sport', '71'),
	('1380', 'Freelander', '71'),
	('1381', 'Range Rover', '71'),
	('1382', 'Range Rover Evoque', '71'),
	('1383', 'Range Rover Sport', '71'),
	('1384', 'Range Rover Velar', '71'),
	('1385', 'Serie I', '71'),
	('1386', 'Serie II', '71'),
	('1387', 'Serie III', '71'),
	('1389', 'CV-9', '72'),
	('1390', 'S', '72'),
	('1391', 'SC2', '72'),
	('1392', 'SC4', '72'),
	('1394', 'CT 200h', '74'),
	('1395', 'ES 300', '74'),
	('1396', 'ES 330', '74'),
	('1397', 'ES 350', '74'),
	('1398', 'GS 250', '74'),
	('1399', 'GS 300', '74'),
	('1400', 'GS 350', '74'),
	('1401', 'GS 430', '74'),
	('1402', 'GS 450', '74'),
	('1403', 'GS 460', '74'),
	('1404', 'GS F', '74'),
	('1405', 'GX 460', '74'),
	('1406', 'GX 470', '74'),
	('1407', 'IS 200', '74'),
	('1408', 'IS 220', '74'),
	('1409', 'IS 250', '74'),
	('1410', 'IS 300', '74'),
	('1411', 'IS 350', '74'),
	('1412', 'IS-F', '74'),
	('1413', 'LC 500', '74'),
	('1414', 'LC 500h', '74'),
	('1415', 'LFA', '74'),
	('1416', 'LS 400', '74'),
	('1417', 'LS 430', '74'),
	('1418', 'LS 460', '74'),
	('1419', 'LS 500', '74'),
	('1420', 'LS 600', '74'),
	('1421', 'LX 450', '74'),
	('1422', 'LX 470', '74'),
	('1423', 'LX 570', '74'),
	('1424', 'NX 200', '74'),
	('1425', 'NX 300', '74'),
	('1426', 'NX 350', '74'),
	('1427', 'NX 450', '74'),
	('1428', 'RC 200', '74'),
	('1429', 'RC 300', '74'),
	('1430', 'RC 350', '74'),
	('1431', 'RC F', '74'),
	('1432', 'RX 200', '74'),
	('1433', 'RX 300', '74'),
	('1434', 'RX 330', '74'),
	('1435', 'RX 350', '74'),
	('1436', 'RX 400', '74'),
	('1437', 'RX 450', '74'),
	('1438', 'RX 500', '74'),
	('1439', 'RZ', '74'),
	('1440', 'SC 400', '74'),
	('1441', 'SC 430', '74'),
	('1442', 'UX', '74'),
	('1444', 'Ambra', '75'),
	('1445', 'Be Sun', '75'),
	('1446', 'JS 50', '75'),
	('1447', 'JS 50 L', '75'),
	('1448', 'JS 60', '75'),
	('1449', 'JS RC', '75'),
	('1450', 'Myli', '75'),
	('1451', 'Nova', '75'),
	('1452', 'Optima', '75'),
	('1453', 'X - Too', '75'),
	('1455', 'Aviator', '76'),
	('1456', 'Continental', '76'),
	('1457', 'LS', '76'),
	('1458', 'Mark', '76'),
	('1459', 'Navigator', '76'),
	('1460', 'Town Car', '76'),
	('1462', '340 R', '77'),
	('1463', 'Cortina', '77'),
	('1464', 'Elan', '77'),
	('1465', 'Eletre', '77'),
	('1466', 'Elise', '77'),
	('1467', 'Elite', '77'),
	('1468', 'Emira', '77'),
	('1469', 'Esprit', '77'),
	('1470', 'Europa', '77'),
	('1471', 'Evora', '77'),
	('1472', 'Excel', '77'),
	('1473', 'Exige', '77'),
	('1474', 'Super Seven', '77'),
	('1476', 'TGE', '80'),
	('1478', '222', '81'),
	('1479', '224', '81'),
	('1480', '228', '81'),
	('1481', '3200', '81'),
	('1482', '418', '81'),
	('1483', '420', '81'),
	('1484', '4200', '81'),
	('1485', '422', '81'),
	('1486', '424', '81'),
	('1487', '430', '81'),
	('1488', 'Biturbo', '81'),
	('1489', 'Ghibli', '81'),
	('1490', 'GranCabrio', '81'),
	('1491', 'Gransport', '81'),
	('1492', 'Granturismo', '81'),
	('1493', 'Grecale', '81'),
	('1494', 'Indy', '81'),
	('1495', 'Karif', '81'),
	('1496', 'Levante', '81'),
	('1497', 'MC12', '81'),
	('1498', 'MC20', '81'),
	('1499', 'Merak', '81'),
	('1500', 'Quattroporte', '81'),
	('1501', 'Shamal', '81'),
	('1502', 'Spyder', '81'),
	('1504', '57', '83'),
	('1505', '62', '83'),
	('1506', 'Pullman', '83'),
	('1507', 'S650', '83'),
	('1509', '121', '84'),
	('1510', '2', '84'),
	('1511', '2 Hybrid', '84'),
	('1512', '3', '84'),
	('1513', '323', '84'),
	('1514', '5', '84'),
	('1515', '6', '84'),
	('1516', '626', '84'),
	('1517', '929', '84'),
	('1518', 'Bongo', '84'),
	('1519', 'B series', '84'),
	('1520', 'BT-50', '84'),
	('1521', 'CX-3', '84'),
	('1522', 'CX-30', '84'),
	('1523', 'CX-5', '84'),
	('1524', 'CX-60', '84'),
	('1525', 'CX-7', '84'),
	('1526', 'CX-9', '84'),
	('1527', 'Demio', '84'),
	('1528', 'E series', '84'),
	('1529', 'Millenia', '84'),
	('1530', 'MPV', '84'),
	('1531', 'MX-3', '84'),
	('1532', 'MX-30', '84'),
	('1533', 'MX-5', '84'),
	('1534', 'MX-6', '84'),
	('1535', 'Premacy', '84'),
	('1536', 'Protege', '84'),
	('1537', 'RX-6', '84'),
	('1538', 'RX-7', '84'),
	('1539', 'RX-8', '84'),
	('1540', 'Tribute', '84'),
	('1541', 'Xedos', '84'),
	('1543', '540C', '85'),
	('1544', '570GT', '85'),
	('1545', '570S', '85'),
	('1546', '600LT', '85'),
	('1547', '620R', '85'),
	('1548', '650S', '85'),
	('1549', '650S Coupé', '85'),
	('1550', '650S Spider', '85'),
	('1551', '675LT', '85'),
	('1552', '675LT Spider', '85'),
	('1553', '720S', '85'),
	('1554', '750S', '85'),
	('1555', '765', '85'),
	('1556', '765LT', '85'),
	('1557', 'Artura', '85'),
	('1558', 'Elva', '85'),
	('1559', 'GT', '85'),
	('1560', 'MP4-12C', '85'),
	('1561', 'P1', '85'),
	('1562', 'Senna GTR', '85'),
	('1563', 'Speedtail', '85'),
	('1565', 'EHS', '86'),
	('1566', 'HS', '86'),
	('1567', 'Marvel R', '86'),
	('1568', 'MG4', '86'),
	('1569', 'MG5', '86'),
	('1570', 'MGA', '86'),
	('1571', 'MGB', '86'),
	('1572', 'MGF', '86'),
	('1573', 'Midget', '86'),
	('1574', 'Montego', '86'),
	('1575', 'TD', '86'),
	('1576', 'TF', '86'),
	('1577', 'ZR', '86'),
	('1578', 'ZS', '86'),
	('1579', 'ZT', '86'),
	('1581', 'DUÈ', '87'),
	('1582', 'Flex', '87'),
	('1583', 'M.Go', '87'),
	('1584', 'M-8', '87'),
	('1585', 'MC1', '87'),
	('1586', 'MC2', '87'),
	('1587', 'Virgo', '87'),
	('1589', 'Competizione', '88'),
	('1590', 'Dolce', '88'),
	('1591', 'Pioneer', '88'),
	('1594', 'Cooper Cabrio', '89'),
	('1595', 'Cooper D Cabrio', '89'),
	('1596', 'Cooper S Cabrio', '89'),
	('1597', 'Cooper SD Cabrio', '89'),
	('1598', 'John Cooper Works Cabrio', '89'),
	('1599', 'One Cabrio', '89'),
	('1600', 'Cooper Clubman', '89'),
	('1601', 'Cooper D Clubman', '89'),
	('1602', 'Cooper S Clubman', '89'),
	('1603', 'Cooper SD Clubman', '89'),
	('1604', 'John Cooper Works Clubman', '89'),
	('1605', 'One Clubman', '89'),
	('1606', 'One D Clubman', '89'),
	('1607', 'Clubvan', '89'),
	('1608', 'Cooper Countryman', '89'),
	('1609', 'Cooper D Countryman', '89'),
	('1610', 'Cooper S Countryman', '89'),
	('1611', 'Cooper SD Countryman', '89'),
	('1612', 'Cooper SE Countryman', '89'),
	('1613', 'John Cooper Works Countryman', '89'),
	('1614', 'One Countryman', '89'),
	('1615', 'One D Countryman', '89'),
	('1616', 'Cooper Coupé', '89'),
	('1617', 'Cooper S Coupé', '89'),
	('1618', 'Cooper SD Coupé', '89'),
	('1619', 'John Cooper Works Coupé', '89'),
	('1620', '1000', '89'),
	('1621', '1300', '89'),
	('1622', 'Cooper', '89'),
	('1623', 'Cooper D', '89'),
	('1624', 'Cooper S', '89'),
	('1625', 'Cooper SD', '89'),
	('1626', 'Cooper SE', '89'),
	('1627', 'John Cooper Works', '89'),
	('1628', 'ONE', '89'),
	('1629', 'One D', '89'),
	('1630', 'One First', '89'),
	('1631', 'Cooper D Paceman', '89'),
	('1632', 'Cooper Paceman', '89'),
	('1633', 'Cooper SD Paceman', '89'),
	('1634', 'Cooper S Paceman', '89'),
	('1635', 'John Cooper Works Paceman', '89'),
	('1636', 'Cooper Roadster', '89'),
	('1637', 'Cooper SD Roadster', '89'),
	('1638', 'Cooper S Roadster', '89'),
	('1639', 'John Cooper Works Roadster', '89'),
	('1641', '3000 GT', '90'),
	('1642', 'ASX', '90'),
	('1643', 'Canter', '90'),
	('1644', 'Carisma', '90'),
	('1645', 'Colt', '90'),
	('1646', 'Cordia', '90'),
	('1647', 'Cosmos', '90'),
	('1648', 'Diamante', '90'),
	('1649', 'Eclipse', '90'),
	('1650', 'Eclipse Cross', '90'),
	('1651', 'Galant', '90'),
	('1652', 'Galloper', '90'),
	('1653', 'Grandis', '90'),
	('1654', 'i-MiEV', '90'),
	('1655', 'L200', '90'),
	('1656', 'L300', '90'),
	('1657', 'L400', '90'),
	('1658', 'Lancer', '90'),
	('1659', 'Mirage', '90'),
	('1660', 'Montero', '90'),
	('1661', 'Outlander', '90'),
	('1662', 'Pajero', '90'),
	('1663', 'Pajero Pinin', '90'),
	('1664', 'Pick-up', '90'),
	('1665', 'Plug-in Hybrid Outlander', '90'),
	('1666', 'Santamo', '90'),
	('1667', 'Sapporo', '90'),
	('1668', 'Sigma', '90'),
	('1669', 'Space Gear', '90'),
	('1670', 'Space Runner', '90'),
	('1671', 'Space Star', '90'),
	('1672', 'Space Wagon', '90'),
	('1673', 'Starion', '90'),
	('1674', 'Tredia', '90'),
	('1676', '3 Wheeler', '91'),
	('1677', '4/4', '91'),
	('1678', 'Aero 8', '91'),
	('1679', 'Plus 4', '91'),
	('1680', 'Plus 6', '91'),
	('1681', 'Plus 8', '91'),
	('1682', 'Roadster', '91'),
	('1684', 'EL7', '92'),
	('1685', 'ET5', '92'),
	('1686', 'ET7', '92'),
	('1688', '100 NX', '93'),
	('1689', '200 SX', '93'),
	('1690', '240 SX', '93'),
	('1691', '280 ZX', '93'),
	('1692', '300 ZX', '93'),
	('1693', '350Z', '93'),
	('1694', '370Z', '93'),
	('1695', 'Almera', '93'),
	('1696', 'Almera Tino', '93'),
	('1697', 'Altima', '93'),
	('1698', 'Ariya', '93'),
	('1699', 'Armada', '93'),
	('1700', 'Bluebird', '93'),
	('1701', 'Cabstar', '93'),
	('1702', 'Cargo', '93'),
	('1703', 'Cherry', '93'),
	('1704', 'Cube', '93'),
	('1705', 'e-NV200', '93'),
	('1706', 'Evalia', '93'),
	('1707', 'Frontier', '93'),
	('1708', 'GT-R', '93'),
	('1709', 'Interstar', '93'),
	('1710', 'Juke', '93'),
	('1711', 'King Cab', '93'),
	('1712', 'Kubistar', '93'),
	('1713', 'Laurel', '93'),
	('1714', 'Leaf', '93'),
	('1715', 'Maxima', '93'),
	('1716', 'Micra', '93'),
	('1717', 'Murano', '93'),
	('1718', 'Navara', '93'),
	('1719', 'Note', '93'),
	('1720', 'NP 300', '93'),
	('1721', 'NV200', '93'),
	('1722', 'NV250', '93'),
	('1723', 'NV300', '93'),
	('1724', 'NV400', '93'),
	('1725', 'Pathfinder', '93'),
	('1726', 'Patrol', '93'),
	('1727', 'PickUp', '93'),
	('1728', 'Pixo', '93'),
	('1729', 'Prairie', '93'),
	('1730', 'Primastar', '93'),
	('1731', 'Primera', '93'),
	('1732', 'Pulsar', '93'),
	('1733', 'Qashqai', '93'),
	('1734', 'Qashqai+2', '93'),
	('1735', 'Quest', '93'),
	('1736', 'Sentra', '93'),
	('1737', 'Serena', '93'),
	('1738', 'Silvia', '93'),
	('1739', 'Skyline', '93'),
	('1740', 'Sunny', '93'),
	('1741', 'Terrano', '93'),
	('1742', 'Tiida', '93'),
	('1743', 'Titan', '93'),
	('1744', 'Townstar', '93'),
	('1745', 'Trade', '93'),
	('1746', 'Urvan', '93'),
	('1747', 'Vanette', '93'),
	('1748', 'X-Trail', '93'),
	('1750', 'Bravada', '95'),
	('1751', 'Custom Cruiser', '95'),
	('1752', 'Cutlass', '95'),
	('1753', 'Delta 88', '95'),
	('1754', 'Silhouette', '95'),
	('1755', 'Supreme', '95'),
	('1756', 'Toronado', '95'),
	('1758', 'Adam', '96'),
	('1759', 'Agila', '96'),
	('1760', 'Ampera', '96'),
	('1761', 'Ampera-e', '96'),
	('1762', 'Antara', '96'),
	('1763', 'Arena', '96'),
	('1764', 'Ascona', '96'),
	('1765', 'Astra', '96'),
	('1766', 'Calibra', '96'),
	('1767', 'Campo', '96'),
	('1768', 'Cascada', '96'),
	('1769', 'Cavalier', '96'),
	('1770', 'Combo', '96'),
	('1771', 'Combo Life', '96'),
	('1772', 'Commodore', '96'),
	('1773', 'Corsa', '96'),
	('1774', 'Crossland (X)', '96'),
	('1775', 'Diplomat', '96'),
	('1776', 'Frontera', '96'),
	('1777', 'Grandland (X)', '96'),
	('1778', 'GT', '96'),
	('1779', 'Insignia', '96'),
	('1780', 'Insignia CT', '96'),
	('1781', 'Kadett', '96'),
	('1782', 'Karl', '96'),
	('1783', 'Manta', '96'),
	('1784', 'Meriva', '96'),
	('1785', 'Mokka', '96'),
	('1786', 'Mokka-e', '96'),
	('1787', 'Mokka X', '96'),
	('1788', 'Monterey', '96'),
	('1789', 'Monza', '96'),
	('1790', 'Movano', '96'),
	('1791', 'Nova', '96'),
	('1792', 'Omega', '96'),
	('1793', 'Pick Up Sportscap', '96'),
	('1794', 'Rekord', '96'),
	('1795', 'Rocks-e', '96'),
	('1796', 'Senator', '96'),
	('1797', 'Signum', '96'),
	('1798', 'Sintra', '96'),
	('1799', 'Speedster', '96'),
	('1800', 'Tigra', '96'),
	('1801', 'Vectra', '96'),
	('1802', 'Vivaro', '96'),
	('1803', 'Zafira', '96'),
	('1804', 'Zafira Life', '96'),
	('1805', 'Zafira Tourer', '96'),
	('1807', 'Funky Cat', '97'),
	('1809', 'Huayra', '98'),
	('1810', 'Zonda', '98'),
	('1812', '1007', '99'),
	('1813', '104', '99'),
	('1814', '106', '99'),
	('1815', '107', '99'),
	('1816', '108', '99'),
	('1817', '2008', '99'),
	('1818', '204', '99'),
	('1819', '205', '99'),
	('1820', '206', '99'),
	('1821', '207', '99'),
	('1822', '208', '99'),
	('1823', '3008', '99'),
	('1824', '301', '99'),
	('1825', '304', '99'),
	('1826', '305', '99'),
	('1827', '306', '99'),
	('1828', '307', '99'),
	('1829', '308', '99'),
	('1830', '309', '99'),
	('1831', '4007', '99'),
	('1832', '4008', '99'),
	('1833', '404', '99'),
	('1834', '405', '99'),
	('1835', '406', '99'),
	('1836', '407', '99'),
	('1837', '408', '99'),
	('1838', '5008', '99'),
	('1839', '504', '99'),
	('1840', '505', '99'),
	('1841', '508', '99'),
	('1842', '604', '99'),
	('1843', '605', '99'),
	('1844', '607', '99'),
	('1845', '806', '99'),
	('1846', '807', '99'),
	('1847', 'Bipper', '99'),
	('1848', 'Bipper Tepee', '99'),
	('1849', 'Boxer', '99'),
	('1850', 'Expert', '99'),
	('1851', 'Expert Tepee', '99'),
	('1852', 'iOn', '99'),
	('1853', 'J5', '99'),
	('1854', 'Partner', '99'),
	('1855', 'Partner Tepee', '99'),
	('1856', 'RCZ', '99'),
	('1857', 'Rifter', '99'),
	('1858', 'TePee', '99'),
	('1859', 'Traveller', '99'),
	('1861', 'APE', '100'),
	('1862', 'APE TM', '100'),
	('1863', 'Porter', '100'),
	('1865', 'Prowler', '101'),
	('1867', '1', '102'),
	('1868', '2', '102'),
	('1869', '3', '102'),
	('1871', '356', '104'),
	('1872', '911 Urmodell', '104'),
	('1873', '930', '104'),
	('1874', '964', '104'),
	('1875', '991', '104'),
	('1876', '992', '104'),
	('1877', '993', '104'),
	('1878', '996', '104'),
	('1879', '997', '104'),
	('1880', '912', '104'),
	('1881', '914', '104'),
	('1882', '918', '104'),
	('1883', '924', '104'),
	('1884', '928', '104'),
	('1885', '944', '104'),
	('1886', '959', '104'),
	('1887', '962', '104'),
	('1888', '968', '104'),
	('1889', 'Boxster', '104'),
	('1890', 'Carrera GT', '104'),
	('1891', 'Cayenne', '104'),
	('1892', 'Cayman', '104'),
	('1893', 'Macan', '104'),
	('1894', 'Panamera', '104'),
	('1895', 'Taycan', '104'),
	('1897', '300 Serie', '105'),
	('1898', '400 Serie', '105'),
	('1900', 'Alaskan', '106'),
	('1901', 'Alpine A110', '106'),
	('1902', 'Alpine A310', '106'),
	('1903', 'Alpine V6', '106'),
	('1904', 'Arkana', '106'),
	('1905', 'Austral', '106'),
	('1906', 'Avantime', '106'),
	('1907', 'Captur', '106'),
	('1908', 'Clio', '106'),
	('1909', 'Coupe', '106'),
	('1910', 'Espace', '106'),
	('1911', 'Express', '106'),
	('1912', 'Fluence', '106'),
	('1913', 'Fuego', '106'),
	('1914', 'Grand Espace', '106'),
	('1915', 'Grand Modus', '106'),
	('1916', 'Grand Scenic', '106'),
	('1917', 'Kadjar', '106'),
	('1918', 'Kangoo', '106'),
	('1919', 'Koleos', '106'),
	('1920', 'Laguna', '106'),
	('1921', 'Latitude', '106'),
	('1922', 'Mascott', '106'),
	('1923', 'Master', '106'),
	('1924', 'Megane', '106'),
	('1925', 'Modus', '106'),
	('1926', 'P 1400', '106'),
	('1927', 'R 11', '106'),
	('1928', 'R 14', '106'),
	('1929', 'R 18', '106'),
	('1930', 'R 19', '106'),
	('1931', 'R 20', '106'),
	('1932', 'R 21', '106'),
	('1933', 'R 25', '106'),
	('1934', 'R 30', '106'),
	('1935', 'R 4', '106'),
	('1936', 'R 5', '106'),
	('1937', 'R 6', '106'),
	('1938', 'R 9', '106'),
	('1939', 'Rapid', '106'),
	('1940', 'Safrane', '106'),
	('1941', 'Scenic', '106'),
	('1942', 'Spider', '106'),
	('1943', 'Talisman', '106'),
	('1944', 'Trafic', '106'),
	('1945', 'Twingo', '106'),
	('1946', 'Twizy', '106'),
	('1947', 'Vel Satis', '106'),
	('1948', 'Wind', '106'),
	('1949', 'ZOE', '106'),
	('1952', 'Corniche', '107'),
	('1953', 'Cullinan', '107'),
	('1954', 'Dawn', '107'),
	('1955', 'Flying Spur', '107'),
	('1956', 'Ghost', '107'),
	('1957', 'Park Ward', '107'),
	('1958', 'Phantom', '107'),
	('1959', 'Silver Cloud', '107'),
	('1960', 'Silver Dawn', '107'),
	('1961', 'Silver Seraph', '107'),
	('1962', 'Silver Shadow', '107'),
	('1963', 'Silver Spirit', '107'),
	('1964', 'Silver Spur', '107'),
	('1965', 'Wraith', '107'),
	('1967', '100', '108'),
	('1968', '111', '108'),
	('1969', '114', '108'),
	('1970', '115', '108'),
	('1971', '200', '108'),
	('1972', '213', '108'),
	('1973', '214', '108'),
	('1974', '216', '108'),
	('1975', '218', '108'),
	('1976', '220', '108'),
	('1977', '25', '108'),
	('1978', '400', '108'),
	('1979', '414', '108'),
	('1980', '416', '108'),
	('1981', '418', '108'),
	('1982', '420', '108'),
	('1983', '45', '108'),
	('1984', '600', '108'),
	('1985', '618', '108'),
	('1986', '620', '108'),
	('1987', '623', '108'),
	('1988', '75', '108'),
	('1989', '800', '108'),
	('1990', '820', '108'),
	('1991', '825', '108'),
	('1992', '827', '108'),
	('1993', 'City Rover', '108'),
	('1994', 'Metro', '108'),
	('1995', 'Montego', '108'),
	('1996', 'SD', '108'),
	('1997', 'Streetwise', '108'),
	('1999', '90', '110'),
	('2000', '900', '110'),
	('2001', '9000', '110'),
	('2002', '9-3', '110'),
	('2003', '9-4X', '110'),
	('2004', '9-5', '110'),
	('2005', '96', '110'),
	('2006', '9-7X', '110'),
	('2007', '99', '110'),
	('2009', 'Alhambra', '112'),
	('2010', 'Altea', '112'),
	('2011', 'Arona', '112'),
	('2012', 'Arosa', '112'),
	('2013', 'Ateca', '112'),
	('2014', 'Cordoba', '112'),
	('2015', 'Exeo', '112'),
	('2016', 'Ibiza', '112'),
	('2017', 'Inca', '112'),
	('2018', 'Leon', '112'),
	('2019', 'Malaga', '112'),
	('2020', 'Marbella', '112'),
	('2021', 'Mii', '112'),
	('2022', 'Tarraco', '112'),
	('2023', 'Terra', '112'),
	('2024', 'Toledo', '112'),
	('2026', '105', '113'),
	('2027', '120', '113'),
	('2028', '130', '113'),
	('2029', '135', '113'),
	('2030', 'Citigo', '113'),
	('2031', 'Enyaq', '113'),
	('2032', 'Fabia', '113'),
	('2033', 'Favorit', '113'),
	('2034', 'Felicia', '113'),
	('2035', 'Forman', '113'),
	('2036', 'Kamiq', '113'),
	('2037', 'Karoq', '113'),
	('2038', 'Kodiaq', '113'),
	('2039', 'Octavia', '113'),
	('2040', 'Pick-up', '113'),
	('2041', 'Praktik', '113'),
	('2042', 'Rapid', '113'),
	('2043', 'Roomster', '113'),
	('2044', 'Scala', '113'),
	('2045', 'Superb', '113'),
	('2046', 'Yeti', '113'),
	('2048', '#1', '114'),
	('2049', 'Crossblade', '114'),
	('2050', 'ForFour', '114'),
	('2051', 'ForTwo', '114'),
	('2052', 'Roadster', '114'),
	('2054', 'C8', '116'),
	('2055', 'C8 AILERON', '116'),
	('2056', 'C8 DOUBLE 12 S', '116'),
	('2057', 'C8 LAVIOLETTE SWB', '116'),
	('2058', 'C8 SPYDER SWB', '116'),
	('2060', 'Actyon', '117'),
	('2061', 'Family', '117'),
	('2062', 'Korando', '117'),
	('2063', 'Kyron', '117'),
	('2064', 'MUSSO', '117'),
	('2065', 'REXTON', '117'),
	('2066', 'Rodius', '117'),
	('2067', 'Tivoli', '117'),
	('2068', 'Torres', '117'),
	('2069', 'XLV', '117'),
	('2071', 'B9 Tribeca', '118'),
	('2072', 'Baja', '118'),
	('2073', 'BRZ', '118'),
	('2074', 'Forester', '118'),
	('2075', 'Impreza', '118'),
	('2076', 'Justy', '118'),
	('2077', 'Legacy', '118'),
	('2078', 'Levorg', '118'),
	('2079', 'Libero', '118'),
	('2080', 'Outback', '118'),
	('2081', 'Solterra', '118'),
	('2082', 'SVX', '118'),
	('2083', 'Trezia', '118'),
	('2084', 'Tribeca', '118'),
	('2085', 'Vivio', '118'),
	('2086', 'WRX STI', '118'),
	('2087', 'XT', '118'),
	('2088', 'XV', '118'),
	('2090', '(SX4) S-Cross', '119'),
	('2091', 'Across', '119'),
	('2092', 'Alto', '119'),
	('2093', 'Baleno', '119'),
	('2094', 'Cappuccino', '119'),
	('2095', 'Carry', '119'),
	('2096', 'Celerio', '119'),
	('2097', 'Grand Vitara', '119'),
	('2098', 'Ignis', '119'),
	('2099', 'iK-2', '119'),
	('2100', 'Jimny', '119'),
	('2101', 'Kizashi', '119'),
	('2102', 'Liana', '119'),
	('2103', 'LJ', '119'),
	('2104', 'SJ Samurai', '119'),
	('2105', 'Splash', '119'),
	('2106', 'Super-Carry', '119'),
	('2107', 'Swace', '119'),
	('2108', 'Swift', '119'),
	('2109', 'SX4', '119'),
	('2110', 'Vitara', '119'),
	('2111', 'Wagon R+', '119'),
	('2112', 'X-90', '119'),
	('2115', 'Horizon', '121'),
	('2116', 'Samba', '121'),
	('2118', 'Indica', '122'),
	('2119', 'Indigo', '122'),
	('2120', 'Nano', '122'),
	('2121', 'Safari', '122'),
	('2122', 'Sumo', '122'),
	('2123', 'Telcoline', '122'),
	('2124', 'Telcosport', '122'),
	('2125', 'Xenon', '122'),
	('2127', 'Model 3', '124'),
	('2128', 'Model S', '124'),
	('2129', 'Model X', '124'),
	('2130', 'Model Y', '124'),
	('2131', 'Roadster', '124'),
	('2133', '4-Runner', '125'),
	('2134', 'Alphard', '125'),
	('2135', 'Auris', '125'),
	('2136', 'Auris Touring Sports', '125'),
	('2137', 'Avalon', '125'),
	('2138', 'Avensis', '125'),
	('2139', 'Avensis Verso', '125'),
	('2140', 'Aygo (X)', '125'),
	('2141', 'bZ4X', '125'),
	('2142', 'Camry', '125'),
	('2143', 'Carina', '125'),
	('2144', 'Celica', '125'),
	('2145', 'C-HR', '125'),
	('2146', 'Corolla', '125'),
	('2147', 'Corolla Cross', '125'),
	('2148', 'Corolla Verso', '125'),
	('2149', 'Cressida', '125'),
	('2150', 'Crown', '125'),
	('2151', 'Dyna', '125'),
	('2152', 'FCV', '125'),
	('2153', 'FJ', '125'),
	('2154', 'Fortuner', '125'),
	('2155', 'GR86', '125'),
	('2156', 'GT86', '125'),
	('2157', 'Hiace', '125'),
	('2158', 'Highlander', '125'),
	('2159', 'Hilux', '125'),
	('2160', 'IQ', '125'),
	('2161', 'Land Cruiser', '125'),
	('2162', 'Lite-Ace', '125'),
	('2163', 'Matrix', '125'),
	('2164', 'Mirai', '125'),
	('2165', 'MR 2', '125'),
	('2166', 'Paseo', '125'),
	('2167', 'Picnic', '125'),
	('2168', 'Previa', '125'),
	('2169', 'Prius', '125'),
	('2170', 'Prius+', '125'),
	('2171', 'Proace (Verso)', '125'),
	('2172', 'PROACE CITY', '125'),
	('2173', 'RAV 4', '125'),
	('2174', 'Sequoia', '125'),
	('2175', 'Sienna', '125'),
	('2176', 'Starlet', '125'),
	('2177', 'Supra', '125'),
	('2178', 'Tacoma', '125'),
	('2179', 'Tercel', '125'),
	('2180', 'Tundra', '125'),
	('2181', 'Urban Cruiser', '125'),
	('2182', 'Verso', '125'),
	('2183', 'Verso-S', '125'),
	('2184', 'Yaris', '125'),
	('2185', 'Yaris Cross', '125'),
	('2187', '601', '126'),
	('2189', 'Dolomite', '127'),
	('2190', 'Moss', '127'),
	('2191', 'Spitfire', '127'),
	('2192', 'TR3', '127'),
	('2193', 'TR4', '127'),
	('2194', 'TR5', '127'),
	('2195', 'TR6', '127'),
	('2196', 'TR7', '127'),
	('2197', 'TR8', '127'),
	('2199', 'Chimaera', '128'),
	('2200', 'Griffith', '128'),
	('2201', 'Tuscan', '128'),
	('2203', '240', '129'),
	('2204', '244', '129'),
	('2205', '245', '129'),
	('2206', '262', '129'),
	('2207', '264', '129'),
	('2208', '340', '129'),
	('2209', '360', '129'),
	('2210', '440', '129'),
	('2211', '460', '129'),
	('2212', '480', '129'),
	('2213', '740', '129'),
	('2214', '744', '129'),
	('2215', '745', '129'),
	('2216', '760', '129'),
	('2217', '780', '129'),
	('2218', '850', '129'),
	('2219', '855', '129'),
	('2220', '940', '129'),
	('2221', '944', '129'),
	('2222', '945', '129'),
	('2223', '960', '129'),
	('2224', '965', '129'),
	('2225', 'Amazon', '129'),
	('2226', 'C30', '129'),
	('2227', 'C40', '129'),
	('2228', 'C70', '129'),
	('2229', 'EX30', '129'),
	('2230', 'EX90', '129'),
	('2231', 'Polar', '129'),
	('2232', 'S40', '129'),
	('2233', 'S60', '129'),
	('2234', 'S60 Cross Country', '129'),
	('2235', 'S70', '129'),
	('2236', 'S80', '129'),
	('2237', 'S90', '129'),
	('2238', 'V40', '129'),
	('2239', 'V40 Cross Country', '129'),
	('2240', 'V50', '129'),
	('2241', 'V60', '129'),
	('2242', 'V60 Cross Country', '129'),
	('2243', 'V70', '129'),
	('2244', 'V90', '129'),
	('2245', 'V90 Cross Country', '129'),
	('2246', 'XC40', '129'),
	('2247', 'XC60', '129'),
	('2248', 'XC70', '129'),
	('2249', 'XC90', '129'),
	('2251', '311', '130'),
	('2252', '353', '130'),
	('2254', 'Coffee 01', '132'),
	('2255', 'Coffee 02', '132'),
	('2257', 'MF 25', '133'),
	('2258', 'MF 28', '133'),
	('2259', 'MF 3', '133'),
	('2260', 'MF 30', '133'),
	('2261', 'MF 35', '133'),
	('2262', 'MF 4', '133'),
	('2263', 'MF 5', '133'),
	('2264', 'Other', '136'),
	('597', '155', '10'),
	('598', '156', '10'),
	('599', '159', '10'),
	('600', '164', '10'),
	('601', '166', '10'),
	('602', '33', '10'),
	('603', '75', '10'),
	('604', '90', '10');


--
-- Data for Name: users; Type: TABLE DATA; Schema: public; Owner: postgres
--

INSERT INTO users (id, username, password, email, is_active, authority_id, first_name, surname, date_registered, num_of_offered_cars, registration_type) VALUES
    ('user0', 'admin', '$2a$05$cjCn9LxucuXNP61ZlRQvseLWHlsB9rU/O5YCJAB3e3C/vp/u1VHgG', 'admin@admin.com', true, 2, 'Johny', 'Johny', '2000-01-01', 111, 'standard'),
    ('user1', 'admin2', '$2a$05$cjCn9LxucuXNP61ZlRQvseLWHlsB9rU/O5YCJAB3e3C/vp/u1VHgG', 'admin2@admin2.com', true, 2, 'Johny2', 'Johny2', '2000-01-01', 111, 'standard');




--
-- Data for Name: car_images; Type: TABLE DATA; Schema: public; Owner: postgres
--



--
-- Data for Name: feature; Type: TABLE DATA; Schema: public; Owner: postgres
--

INSERT INTO feature (feature, description, id) VALUES
	('LED lights', 'Light-emitting diode (LED) lights provide bright and energy-efficient illumination.', '1'),
	('Parking cameras', 'Cameras placed around the vehicle aid in parking and maneuvering in tight spaces.', '2'),
	('4 zone climate control', 'Allows individual temperature control for four different zones within the vehicle.', '3'),
	('Adaptive cruise control', 'Automatically adjusts vehicle speed to maintain a safe following distance from the vehicle ahead.', '4'),
	('Lane departure warning', 'Alerts the driver when the vehicle unintentionally drifts out of its lane.', '5'),
	('Blind spot monitoring', 'Warns the driver of vehicles in the blind spots, typically with visual or auditory alerts.', '6'),
	('Keyless entry', 'Allows the driver to unlock and start the vehicle without using a traditional key.', '7'),
	('Heated seats', 'Seats equipped with heating elements to provide warmth during cold weather.', '8'),
	('Ventilated seats', 'Seats equipped with fans or perforations to circulate air and keep occupants cool.', '9'),
	('Panoramic sunroof', 'A large sunroof that extends across most or all of the vehicles roof, providing expansive views and natural light.', '10'),
	('Automatic emergency braking', 'Automatically applies the brakes in emergency situations to prevent or mitigate collisions.', '11'),
	('Wireless phone charging', 'Allows compatible smartphones to be charged without the need for cables.', '12'),
	('Apple CarPlay', 'Integration with Apples CarPlay platform, allowing seamless connectivity with iPhones.', '13'),
	('Android Auto', 'Integration with Googles Android Auto platform, providing access to smartphone features and apps.', '14'),
	('360-degree camera system', 'Uses multiple cameras to provide a birds-eye view of the vehicles surroundings.', '15'),
	('Collision avoidance system', 'Utilizes sensors and cameras to detect potential collisions and intervene to prevent them.', '16'),
	('Power liftgate', 'Allows the rear hatch or tailgate to be opened or closed automatically with the press of a button.', '17'),
	('Rain-sensing wipers', 'Automatically activate wipers when rain or moisture is detected on the windshield.', '18'),
	('Remote engine start', 'Allows the engine to be started from a distance, often via a smartphone app or key fob.', '19'),
	('Hands-free power liftgate', 'Allows the rear hatch or tailgate to be opened or closed by waving a foot under the bumper.', '20'),
	('Collision mitigation braking system', 'Works in conjunction with other safety systems to help mitigate the severity of collisions.', '21'),
	('Power-folding mirrors', 'Mirrors that can be folded in electronically, typically for tight parking spaces or car washes.', '22'),
	('Adaptive headlights', 'Headlights that swivel and adjust their brightness based on steering input and driving conditions.', '23'),
	('Harman Kardon sound system', 'Premium audio system developed by Harman Kardon for immersive sound quality.', '24'),
	('Blu-ray entertainment system', 'Rear-seat entertainment system that plays Blu-ray discs for passengers.', '25'),
	('Lane-keeping assist', 'Automatically makes steering adjustments to keep the vehicle centered within its lane.', '26'),
	('Collision warning system', 'Alerts the driver of an impending collision with visual and/or audible warnings.', '27'),
	('Active park assist', 'Assists the driver in parallel or perpendicular parking by automatically steering the vehicle INTO the space.', '28'),
	('Wi-Fi hotspot', 'Provides internet connectivity for passengers by creating a wireless hotspot in the vehicle.', '29'),
	('Memory seats', 'Allows multiple drivers to save and recall their preferred seating positions.', '30'),
	('Power-adjustable pedals', 'Pedals that can be electronically adjusted to accommodate drivers of different heights.', '31'),
	('Surround-view camera system', 'Uses multiple cameras to provide a comprehensive view of the vehicles surroundings.', '32'),
	('Driver attention monitoring', 'Monitors the drivers behavior for signs of drowsiness or distraction and provides alerts.', '33'),
	('Lane-change assist', 'Assists the driver in safely changing lanes by detecting vehicles in adjacent lanes.', '34'),
	('Adaptive suspension', 'Suspension system that automatically adjusts damping rates to provide a smooth ride and agile handling.', '35'),
	('Forward collision warning', 'Warns the driver of an impending frontal collision to allow for evasive action.', '36'),
	('Auto-dimming rearview mirror', 'Automatically dims the rearview mirror to reduce glare from headlights of following vehicles.', '37'),
	('Automatic high beams', 'Automatically switches between high and low beams based on traffic and lighting conditions.', '38'),
	('Wireless smartphone integration', 'Seamlessly integrates smartphones with the vehicles infotainment system without the need for cables.', '39'),
	('Pedestrian detection system', 'Uses sensors and cameras to detect pedestrians in the vehicles path and apply brakes if necessary.', '40'),
	('Traffic sign recognition', 'Recognizes and displays traffic signs such as speed limits and stop signs on the vehicles dashboard.', '41'),
	('Adaptive cruise control with stop-and-go', 'Extends adaptive cruise control functionality to include stop-and-go traffic situations.', '42'),
	('Multi-angle rearview camera', 'Rearview camera system with multiple viewing angles for enhanced visibility while reversing.', '43'),
	('Proximity keyless entry', 'Allows the driver to unlock and start the vehicle when the key fob is in close proximity, such as in a pocket or bag.', '44'),
	('Automatic parking system', 'Automatically steers the vehicle INTO a parking space with minimal driver input.', '45'),
	('Power rear sunshade', 'Automatically deploys and retracts a sunshade for the rear window to block out sunlight.', '46'),
	('Head-up display', 'Projects important information onto the windshield within the drivers line of sight for easy viewing.', '47'),
	('Wireless headphones', 'Headphones that connect to the vehicles entertainment system without the need for cables.', '48'),
	('Power-adjustable steering column', 'Allows the steering wheel position to be adjusted electronically for optimal comfort.', '49'),
	('Cross-traffic alert', 'Warns the driver of approaching vehicles when reversing out of a parking space or driveway.', '50'),
	('Active noise cancellation', 'Uses microphones and speakers to counteract unwanted engine and road noise within the cabin.', '51'),
	('Electronic stability control', 'Helps maintain control of the vehicle during sudden maneuvers or loss of traction.', '52'),
	('Automatic parallel parking', 'Automatically steers the vehicle INTO parallel parking spaces with minimal driver input.', '53'),
	('Rear-seat entertainment system', 'Provides entertainment options for rear-seat passengers, often including screens and media players.', '54'),
	('Automatic emergency call system', 'Automatically contacts emergency services in the event of a severe accident or airbag deployment.', '55'),
	('Smartphone integration', 'Integrates smartphones with the vehicles infotainment system for hands-free calling and audio streaming.', '56'),
	('Night vision system', 'Uses infrared cameras to detect and display obstacles or pedestrians beyond the range of the vehicles headlights.', '57'),
	('Power-operated trunk lid', 'Allows the trunk lid to be opened or closed automatically with the press of a button or a foot gesture.', '58'),
	('Surround sound system', 'Delivers immersive audio experiences with speakers strategically placed throughout the vehicle cabin.', '59'),
	('Automated lane centering', 'Automatically keeps the vehicle centered within its lane during highway driving.', '60'),
	('Automatic stop/start system', 'Automatically shuts off the engine when the vehicle comes to a stop, then restarts it when the accelerator is pressed.', '61'),
	('In-car Wi-Fi', 'Provides internet connectivity for passengers using a built-in Wi-Fi hotspot within the vehicle.', '62'),
	('Inflatable rear seatbelts', 'Seatbelts with built-in airbags that inflate upon impact to reduce the risk of injury.', '63'),
	('Auto-dimming side mirrors', 'Automatically dim side mirrors to reduce glare from headlights of vehicles behind.', '64'),
	('Power panoramic sunroof', 'A large sunroof that extends across most or all of the vehicles roof and can be opened or closed electronically.', '65'),
	('Pre-collision braking system', 'Automatically applies the brakes to reduce the severity of frontal collisions or avoid them altogether.', '66'),
	('Gesture control', 'Allows certain vehicle functions to be controlled using hand gestures rather than physical buttons or touchscreen.', '67'),
	('Collision preparation system', 'Prepares the vehicle for a potential collision by tightening seatbelts, closing windows, and adjusting suspension.', '68'),
	('Automatic parking assist', 'Assists the driver in parallel or perpendicular parking maneuvers by automatically steering the vehicle.', '69'),
	('Heads-up display', 'Projects key driving information onto the windshield within the drivers field of vision for easy reference.', '70'),
	('Integrated navigation system', 'Built-in navigation system that provides real-time directions and traffic information.', '71'),
	('Dual-zone automatic climate control', 'Allows separate temperature settings for the driver and front passenger areas.', '72'),
	('Hands-free tailgate', 'Allows the tailgate to be opened or closed automatically by waving a foot under the rear bumper.', '73'),
	('Remote start system', 'Allows the vehicle to be started remotely, typically using a key fob or smartphone app.', '74'),
	('Adaptive steering system', 'Varies the steering ratio and effort based on vehicle speed and driving conditions for optimal control.', '75'),
	('Night vision assist', 'Uses infrared technology to detect pedestrians, animals, or obstacles in low-light conditions.', '76'),
	('Self-parking system', 'Automatically steers the vehicle INTO parking spaces with minimal driver input.', '77'),
	('Road sign recognition', 'Recognizes and displays road signs such as speed limits and warning signs on the vehicles dashboard.', '78'),
	('Proximity key', 'Key fob that allows the vehicle to be unlocked and started when in close proximity, such as in a pocket or bag.', '79'),
	('Hands-free liftgate', 'Allows the rear hatch or tailgate to be opened or closed automatically without requiring physical contact.', '80'),
	('Ventilated front seats', 'Front seats equipped with fans or perforations to circulate air and keep occupants cool.', '81'),
	('360-degree parking camera', 'Provides a comprehensive view of the vehicles surroundings to aid in parking and maneuvering.', '82'),
	('Cross traffic alert', 'Warns the driver of approaching vehicles when backing out of a parking space or driveway.', '83'),
	('Pedestrian detection', 'Detects pedestrians in the vehicles path and applies brakes to avoid or mitigate collisions.', '84'),
	('Blind spot assist', 'Warns the driver of vehicles in the blind spots and may intervene to prevent lane-changing collisions.', '85'),
	('Lane keep assist', 'Automatically steers the vehicle back INTO its lane if it begins to drift without signaling.', '86'),
	('Remote engine start system', 'Allows the engine to be started remotely using a key fob or smartphone app.', '87'),
	('Automatic parking brake', 'Engages the parking brake automatically when the vehicle is parked or stopped on an incline.', '88'),
	('Smartphone connectivity', 'Enables seamless integration of smartphones with the vehicles infotainment system for hands-free operation.', '89'),
	('Heated steering wheel', 'Steering wheel with built-in heating elements to provide warmth during cold weather.', '90'),
	('Automatic parking assistance', 'Assists the driver in parallel or perpendicular parking maneuvers by controlling steering and throttle.', '91'),
	('Power-adjustable seats', 'Allows the driver and passengers to electronically adjust the seat position for optimal comfort.', '92'),
	('Collision mitigation system', 'Utilizes sensors and cameras to detect potential collisions and automatically applies brakes to mitigate impact.', '93'),
	('Active parking assist', 'Assists the driver in parallel or perpendicular parking maneuvers by controlling steering and braking.', '94'),
	('Active lane keeping assist', 'Automatically adjusts steering to keep the vehicle centered within its lane during highway driving.', '95'),
	('Dynamic cruise control', 'Maintains a set speed and following distance from the vehicle ahead by automatically adjusting throttle and brakes.', '96'),
	('Forward collision mitigation', 'Detects imminent collisions and warns the driver, and if necessary, applies brakes to avoid or reduce impact.', '97'),
	('Automated parking system', 'Automatically controls steering, throttle, and braking to maneuver the vehicle INTO parking spaces.', '98'),
	('Cross-traffic monitoring', 'Warns the driver of approaching vehicles when reversing out of a parking space or driveway.', '99'),
	('Driver assistance package', 'Includes various advanced driver assistance features to enhance safety and convenience.', '100');



--
-- Data for Name: history_of_tasks; Type: TABLE DATA; Schema: public; Owner: postgres
--

--
-- Data for Name: messages; Type: TABLE DATA; Schema: public; Owner: postgres
--

--
-- Data for Name: password_reset_token; Type: TABLE DATA; Schema: public; Owner: postgres
--

--
-- Data for Name: registration_token; Type: TABLE DATA; Schema: public; Owner: postgres
--

--
-- Data for Name: saved_cars_by_users; Type: TABLE DATA; Schema: public; Owner: postgres
--

--
-- Data for Name: saved_searches; Type: TABLE DATA; Schema: public; Owner: postgres
--

--
-- Data for Name: seller_ratings; Type: TABLE DATA; Schema: public; Owner: postgres
--


--
-- PostgreSQL database dump complete
--




--
-- Data for Name: carhut_cars; Type: TABLE DATA; Schema: public; Owner: postgres
--

INSERT INTO carhut_cars (id, seller_id, seller_address, brand_id, model_id, header, price, mileage, registration, engine_power, engine_displacement, fuel, fuel_consumption_avg, fuel_consumption_city, fuel_consumption_highway, gearbox, gearbox_gears, body_type, powertrain, description, base_img_path, previous_owners, energy_eff_class, seats, doors, emission_class, exterior_color_id, interior_color_id, damage_status, parking_sensors, parking_cameras, country_of_origin, technical_inspection_date, emission_inspection_date, features, date_added, is_active) VALUES
	('000accbb1c02a3b1375529a68270a4cbca572aab73f2078f8324d2e69e9cd113', 'user0', 'none', 99, 1, 'Peugeot 308 Break/SW SW 1.5 BlueHDi 130 S&S Style EAT8', '13999€', '138000 km', 'NotStated', '96kW', '0ccm', 'Diesel', 'none', 'none', 'none', 'Automatic', '0', 'Combi', 'FrontWheel', 'none', 'none', 'none', 'none', '0', '0', 'none', 'color0', 'color0', 'none', 'f', 'f', 'none', '2000-01-01', '2000-01-01', null, '2000-01-01', 't'),
	('4b4547f8885f1b82551cfa3da9a4bcc69987ee53fab3796d75a36092e03b9680', 'user0', 'Dlha 556/63', 2, 135, 'BMW M3 *300km/h* unrestricted', '68600', '58000', '2018', '365', '2998', 'Petrol', '9', '15', '8', 'Automatic', '7', 'Not stated', 'AllWheel', '', 'car_4b4547f8885f1b82551cfa3da9a4bcc69987ee53fab3796d75a36092e03b9680', '1', 'D', '4', '5', 'B', '11', '11', 'false', 't', 't', 'Germany', '2024-05-31', '2024-05-31', null, '2000-01-01', 't'),
	('0031f9ef622e49fcd4b6197be0baf0b61e622bf5317bf63cbf3109517754818b', 'user0', 'none', 47, 106, 'Ford Transit Courier Van 1.5 TDCi EcoBlue Trend', '22990€', '15 km', '2023', '74kW', '0ccm', 'Diesel', 'none', 'none', 'none', 'Manual', '0', 'Van', 'FrontWheel', 'none', 'none', 'none', 'none', '0', '0', 'none', 'color0', 'color0', 'none', 'f', 'f', 'none', '2000-01-01', '2000-01-01', null, '2000-01-01', 't'),
	('005c58317e3f0673e2a30d19c443a458f77df03fc914909b7f5600c2b7175009', 'user0', 'none', 71, 1379, 'Land Rover Discovery Sport Combi 110kw Automat', '29700€', '89 000 km', '2017', '110kW', '0ccm', 'Diesel', 'none', 'none', 'none', 'Automatic', '0', 'Combi', 'AllWheel', 'none', 'none', 'none', 'none', '0', '0', 'none', 'color0', 'color0', 'none', 'f', 'f', 'none', '2000-01-01', '2000-01-01', null, '2000-01-01', 't'),
	('0066a59de35fc4f571b3e380325447909f5e4c13b5f136dc87e194de4a140b57', 'user0', 'none', 4, 2045, 'Škoda Superb Combi 2.0 TDI Style DSG', '18985€', '191 190 km', '2019', '110kW', '0ccm', 'Diesel', 'none', 'none', 'none', 'Automatic', '0', 'Combi', 'FrontWheel', 'none', 'none', 'none', 'none', '0', '0', 'none', 'color0', 'color0', 'none', 'f', 'f', 'none', '2000-01-01', '2000-01-01', null, '2000-01-01', 't');
